Canciones,id_tracks,duracion_ms,popularidad,acousticness,danceability,energy,instrumentalness,liveness,loudness,speechiness,tempo,valence,key,mode,time_signature
(Everything I Do) I Do It For You,5HQ6AUDMbMuwktvcNPuV1y,398026,38,648,521,349,133,55,-13,289,131,273,1,1,4.0
(Sittin' On) the Dock of the Bay,3zBhihYUHBmGd2bcQIobrF,163755,82,683,768,367,179,81,-11,315,103,532,2,1,4.0
2 Hearts,1OODa4x3P0DarexE3Uc2a8,173546,11,861,0,583,681,49,-6,35,112,491,9,0,4.0
5 Years Time,1Wl8eGdNRODM6p8LYP2ACB,215013,0,416,803,0,0,85,-7,105,121,763,0,1,4.0
A 1000 por Hora (En Vivo),2h8gxXvnC6MAvLnNUnNzgl,201422,39,673,513,897,0,986,-6,659,92,732,0,1,4.0
A Little Less Conversation - JXL Radio Edit Remix,28ASL502mpsN4rqS2NmrS3,211506,0,385,597,0,205,133,-5,502,115,717,4,0,4.0
A Man Is In Love - 2008 Remastered Version,4CkFScaux1fMVXqtenhP6v,198373,0,841,418,513,333,546,-7,33,126,413,5,1,4.0
A Message to You Rudy - 2002 Remastered Version,2EwEtZrsBpjLmwhe7GCGhs,172600,0,149,906,0,232,168,-8,627,103,969,0,1,4.0
A Minha Menina,0lGEWOZvMexZFXckBJxlVO,284986,47,555,463,926,0,478,-3,122,91,437,7,1,4.0
A Thousand Years,07uZmxnxzr0t6Csga6uQtw,285120,0,312,423,407,961,0,-7,267,139,161,10,1,3.0
A Whiter Shade of Pale - Original Single Version,7DsQgIwg23u9gooCxkRTu3,248946,58,514,249,0,271,891,-6,343,149,427,0,1,4.0
A Wink and a Smile,6Ie0gZmHfxHSQJomLbSUej,166760,0,878,731,205,921,907,-13,457,112,0,7,1,4.0
Abrázame Muy Fuerte,2nejvFyJeTDtMRP2nUMt0J,239426,72,689,515,387,0,126,-7,567,135,312,4,0,4.0
"Ain't Got No - I Got Life (From ""Hair"") - Single Version",2VQeMxwb6GPWx6vhJcpdpZ,134333,0,566,573,656,0,0,-5,294,113,706,7,1,4.0
Ain't No Mountain High Enough,1KbuhBnzMHp4eq1q6flhWd,151666,83,0,663,0,0,184,-10,32,129,797,7,1,4.0
Ain't That A Kick In The Head - 1997 - Remastered,7coH7f2P7SiLxmo95b5QHX,144693,0,616,659,345,0,299,-7,555,132,725,6,0,4.0
Ain't Too Proud To Beg,4oX9JH8cUlToGpzuk3JYKe,151493,0,565,744,579,0,531,-11,439,121,929,5,1,4.0
Al Diablo Con Los Guapos aka No Me Supiste Querer,4bxUPG9Z6km505nHcfCdT4,219453,37,209,662,723,0,148,-3,503,136,612,0,1,4.0
Alegrijes y rebujos,2U0eZH4CmdPMcfUPqsMqae,163626,41,581,825,849,315,44,-6,813,90,749,11,0,4.0
Alf,71bFaPDpqFok2qewrHklPR,101360,10,0,628,621,432,565,-7,273,108,796,2,1,4.0
All for Love,4lsEHglVsLzILTDQ3CNESV,281200,65,125,0,0,0,994,-11,293,74,135,2,1,4.0
All My Life,6tsojOQ5wHaIjKqIryLZK6,263440,72,218,577,604,579,477,-5,495,167,637,5,1,4.0
All Right Now,3D4JVvFVs7LaKvzMFzdqwF,254466,0,273,677,786,0,713,-6,537,120,809,2,1,4.0
All Star,3cfOd4CMv2snFaKAnMdnvK,200373,80,394,731,867,0,861,-5,32,104,776,11,1,4.0
All These Things That I've Done,5vollujufHY0jMZxx77VWr,301866,72,245,539,702,237,117,-7,436,118,206,6,1,4.0
All You Need Is Love - Remastered 2009,68BTFws92cRztMS1oQ7Ewj,230386,64,349,399,481,317,155,-7,296,103,652,7,1,4.0
Alma,2GRUPzggKkd1rRnganG4G9,231600,33,731,682,814,15,109,-6,315,95,635,2,1,4.0
Alone Again (Naturally),0JCfVb2qlq79Q479BUb0jK,230680,57,951,608,208,0,131,-11,316,70,239,5,1,4.0
Alright,5xC8uOesnn0udeXAYlAnoY,180880,6,479,467,958,199,299,-4,775,145,701,4,0,4.0
Always On My Mind,1B5Tp2Ml9nLlmTSJx8xVfI,218440,69,746,358,387,121,119,-14,324,181,495,7,1,4.0
Always Remember Us This Way,2rbDhOo9Fh61Bbu23T2qCk,210200,82,299,549,502,0,764,-5,405,129,291,0,1,4.0
Always the Sun,22AsWPqIDpmnqqJy1uFXCI,183653,8,872,777,397,338,101,-6,475,145,673,9,1,4.0
Amarte Es Mi Pecado,1bvXuTmZ0PG6wNgjRy0RBV,255346,36,567,494,519,0,128,-5,287,142,287,11,1,4.0
Amigas Y Rivales,2fGB20EaLJNuHzY6yPe8sI,249586,37,243,566,996,358,131,-4,402,136,938,9,0,4.0
Amigos por Siempre,5xSljhyINjp7c3g0Qi20NS,194080,34,32,762,961,129,948,-3,344,108,903,7,1,4.0
Amor (Amor. amor. amor),1k4GYtmW7edpJ9uhQmzO66,222293,59,445,616,773,425,537,-5,254,147,717,7,1,4.0
Amor Real,3TTGJWEf6djut1oziq9h02,245000,40,801,735,419,0,0,-10,386,111,272,10,1,4.0
Amor Sin Maquillaje,3G5eRBL7FEeQjU1pjJ29J2,229493,38,756,523,393,108,128,-7,529,176,394,7,0,4.0
Andy Griffith Show: the Andy Griffith Show,3xbutCDbBLIGJSVYeX9jWE,75775,0,283,806,0,806,741,-13,841,180,627,1,0,4.0
Animal Instinct,3J58Ccc5iTbCRnYx2xjo6d,211066,64,89,0,0,0,256,-5,307,132,604,4,0,4.0
Another Brick In The Wall. Pt. 2 - 2011 Remastered Version,7rPzEczIS574IgPaiPieS3,228586,70,704,693,353,113,503,-17,414,104,0,0,1,4.0
Antes De Que Te Vayas,0lp71hJNUvE9MC0Rwf9pPh,253506,48,359,613,0,215,152,-5,229,97,699,9,1,4.0
Apocalypse,0yc6Gst2xkRu0eMLeRMGCX,290616,87,205,369,468,566,109,-9,273,94,0,5,1,4.0
Aquarius/Let The Sunshine In (The Flesh Failures),0HZlND4giwzgolBpaNIRGV,289293,57,445,293,0,152,998,-6,399,118,514,7,1,4.0
Arrival of the Birds,1xRCmlU2GyzGem2vw4glxK,158346,50,944,0,123,918,915,-17,394,129,579,3,0,3.0
Ask Somebody Who Ain't (If You Think The System's Workin' ...),3x7YePzGFtX6laN5jvhdUi,191106,13,517,875,454,547,0,-9,113,96,899,9,1,4.0
Atomic,1PAKcvZUMSgEqRhmhZDeGk,282240,45,998,594,498,314,101,-14,33,134,928,4,0,4.0
august,3hUxzQpSfdDqwM3ZTFQY0K,261922,87,538,532,623,728,925,-9,331,89,403,5,1,4.0
Aventuras En El Tiempo,0lh18hhI9vxejLA6fjwynz,160173,30,869,689,886,0,343,-5,937,95,735,4,1,4.0
Azul Como El Cielo,4VcZEDgmzHll1eKhY8OzyW,216613,28,154,808,851,13,645,-5,509,106,949,7,1,4.0
Baby Can I Hold You,2DjWsDGgL1xNbhnr7f6t5F,193120,77,811,692,422,0,848,-10,333,74,468,2,1,4.0
Back In Black,7GQJfz4JlmjnaGKkq8M2CO,261093,19,374,597,0,565,431,-7,297,92,899,9,1,4.0
bad guy,2Fxmhks0bxGSBdJ92vM42m,194087,81,328,701,425,0,0,-10,375,135,562,7,1,4.0
Bad Moon Rising,2kyBz2bXWUQDL26Aigex0X,140186,0,604,518,808,218,814,-5,371,179,944,2,1,4.0
Baddest Ruffest,1wVriauI0fVMvpGnoG6vag,222640,36,2,691,956,912,571,-4,621,131,792,2,0,4.0
Bailando,0OteyYh6inrfcil1XGwC3r,308346,49,267,658,879,675,239,-5,499,125,448,7,0,4.0
Baker Street,5gOd6zDC8vhlYjqbQdJVWP,365626,69,929,497,349,28,259,-14,297,113,421,7,1,4.0
Band Of Brothers,1LcNtS9B22LgIHxd9gTGcV,275240,0,934,108,0,966,111,-19,406,92,383,3,1,3.0
Barbara Ann,2KOt2JrCB720UxIbyzweQo,133893,62,0,581,669,0,243,-3,385,78,926,6,1,4.0
Baywatch (Main Theme),2ZpBSIz4DYX4SebzbgLvqX,152786,13,389,525,899,938,303,-5,338,115,639,7,1,4.0
Be My Baby,1WN4uNclrDuczTO3bCr8s1,160906,77,168,512,771,0,895,-7,402,129,803,4,1,4.0
Be OK,2qESkHBZ2VThboOnosYFBk,147680,0,0,821,773,0,116,-6,464,133,954,4,1,4.0
Beautiful Day,0G5F2msfVO77xs7ql2RiTS,245706,0,225,541,914,441,353,-6,52,136,449,2,1,4.0
"Beautiful That Way - The Motion Picture ""La Vita E Bella""",2JDI1bO77h8qHKwNYs6MgY,214733,44,651,545,0,376,126,-9,305,131,417,4,1,4.0
Beavis & Butt Head,1NlJD7AGpY1NXPsdS6zdht,126626,8,0,702,854,924,298,-5,349,119,909,4,0,4.0
Beggin',6M77xL824KXsS8Zt6zeqf4,216533,0,261,718,794,0,735,-5,634,129,473,4,0,4.0
Believe it or Not (From “The Greatest American Hero”),0FqV6TWIS3kmC0diUb25az,199453,0,775,547,573,0,113,-5,289,115,373,9,1,4.0
Bella Ciao,0EayXisPHaulRoFgazbi0A,96400,0,0,596,389,0,931,-11,695,145,938,9,0,4.0
Beverly Hills 90210,7EhQjbj5wKLrqJ3nFIJJOn,95293,12,837,492,822,901,144,-7,421,135,609,3,1,4.0
Big Bang Theory Theme,5FCPN8g30PRH7lLgxDh9LQ,105266,50,654,488,901,0,359,-3,101,161,827,7,1,4.0
Big Big World,6nzZXE4iUSpG4LSlSGNH5e,202133,0,239,629,565,34,259,-10,271,88,585,7,1,4.0
Bitch,3i6qNxyVgIdUZTTi5m25EM,252760,69,113,617,886,927,523,-5,551,96,645,9,1,4.0
Bitter Sweet Symphony,1WYEDcS7WGjv0rG7rmMX3o,359546,61,339,356,913,0,221,-6,499,171,537,9,1,4.0
Bizarre Love Triangle,2mY8w6mK91IxBJAO6G8lbr,168175,35,555,663,301,0,945,-13,66,137,0,0,1,4.0
Black Betty,4FFKYMQcqGIKLp4pJRdkbm,235933,0,989,441,832,871,133,-9,102,117,772,11,0,4.0
Blue Velvet,5SzoFexynLVceTLggJTZZM,158653,54,812,189,317,719,214,-8,28,84,251,10,1,4.0
Bohemian Like You,1aqgARk3YGDkgXPeiKWDuX,211440,12,276,0,867,874,131,-9,312,131,748,4,1,4.0
Bohemian Rhapsody - Remastered 2011,7tFiyTwD0nx5a1eklYtX2J,354320,71,289,391,402,0,243,-9,539,143,228,0,0,4.0
Bonanza,0fmRGdeNE5dJnoTipBPdQt,100560,25,376,418,817,708,127,-6,452,134,839,3,1,4.0
Boom Bang A Bang - 2005 Remastered Version,6ADrnQ0bIiZOL6sVRrsqza,142733,0,103,377,692,173,685,-7,348,183,762,10,1,3.0
Boombastic,4fxF8ljwryMZX5c9EKrLFE,249933,71,242,867,538,175,316,-16,361,158,781,2,1,4.0
Bored,04sN26COy28wTXYj3dMoiZ,180933,80,896,614,318,239,795,-12,478,119,112,7,1,4.0
Born to Be Alive - The Original,3XIEWK1V9n25PS9Vb6axj5,188133,73,834,704,868,0,206,-5,315,131,808,2,1,4.0
Born To Be Wild,63OFKbMaZSDZ4wtesuuq6f,210373,73,262,438,0,537,221,-12,919,145,0,2,1,4.0
Brady Bunch: Brady Bunch,2NV9Kx2GmbhCErQxtonrqa,163243,0,168,868,0,0,102,-14,416,123,966,0,1,4.0
Breakfast At Tiffany's,3GpdNg7Krt9vjc6tgDoKe1,257186,0,113,624,826,0,938,-5,287,110,526,2,1,4.0
Breaking Bad Main Theme,02FejkRN6ela4AbDXXA16t,67821,19,837,618,0,936,105,-17,354,76,365,2,0,4.0
Breathe,56r44Qaz4GoeazC0eUkxDm,267826,43,114,527,481,104,311,-12,268,97,644,7,1,4.0
Bring a Little Lovin',24hTWZvRrl74dwKPzqVNYf,141426,41,659,601,913,132,713,-4,134,115,0,1,0,4.0
Brooklyn Nine Nine - Main Theme,0PYcxujFVrikVn3SI4lTYI,105760,30,125,0,0,939,0,-13,287,108,532,4,0,4.0
Build Me Up Buttercup,6sPOmDulFtLzfX25zICNrC,177533,5,315,659,513,0,283,-7,293,133,855,0,1,4.0
Built For Comfort - Single Version,71X9BXXhU1AgZBEwhNJBvE,155960,0,176,479,611,112,561,-5,31,132,819,2,1,3.0
Butch-a-Me (Ba-Ba-Baciami Piccina),7HKFSlHuQo1ohJy0lqdgPn,137786,0,473,658,565,0,136,-11,124,148,965,0,1,4.0
Cambios,2pehRZBrGUQrsAnnyG02ET,203594,40,403,672,563,0,0,-10,136,171,891,7,1,4.0
Caminando por la vida,2nTlUSqBKN7FVsqD9y4MSf,211680,40,148,695,958,716,154,-3,827,108,711,5,1,4.0
Canasteros de Triana,1sgWFKagimebGGegJgjbSr,191000,1,938,0,423,662,174,-10,538,151,751,5,0,4.0
Cantaloop (Flip Fantasia),06DSI8L6IT8SizCw3JLckz,279360,56,109,851,651,12,124,-11,601,115,942,5,0,4.0
cardigan,4R2kfaDFhslZEMJqAFNpdd,239560,85,537,613,581,345,0,-8,424,130,551,0,0,4.0
Cello Suite No. 1 in G Major. BWV 1007: Prelude,6XpYYPfdk2QKegcW4BTKS9,137000,0,986,0,157,943,111,-17,608,86,566,7,1,3.0
Change (feat. Wale),6vl0e796sz7jicnw3sRS81,200853,20,97,653,831,244,744,-4,331,98,807,1,1,4.0
Che La Luna,4LEZGxgtNtnILHuHmwZLJ6,152066,0,299,681,639,0,0,-11,635,127,985,5,0,4.0
Cheers Theme (Full Length Record),0KiwlUzEr8AFl3EofUxZpj,151373,38,431,428,472,0,709,-9,257,92,401,10,1,4.0
Chicken,0YEuLMnnMmBifxgqq0Ump9,167640,0,524,359,984,442,331,-5,205,94,274,2,0,4.0
Chip 'N' Dale - Rescue Rangers,7EYL58hOoqtShwQldZTKNw,62693,9,397,787,463,587,159,-14,791,144,785,6,0,4.0
CHIPs,7ketbyU1TJ1CJN78zEc9j1,76840,23,785,574,471,843,407,-9,394,151,868,10,1,4.0
Chirpy Chirpy Cheep Cheep,703RBHUEEi5c4o4YUXAM9Q,177800,47,916,549,547,226,205,-8,452,129,972,11,0,4.0
Chup Chup,0ns2FhqWlJUeF45ecOWEiX,146280,0,283,446,871,183,274,-5,821,179,748,7,1,4.0
Chupee,4PdRFw879uTuMoKKn2tycf,171226,0,814,752,446,357,743,-7,54,120,0,7,1,4.0
City Of Stars,3SKxvvgoXxifxNfGhlXO7T,146333,46,565,738,328,0,746,-10,863,101,339,6,0,4.0
Ciudadanos de un lugar llamado mundo,6Sv4iAMMoPUI2T5h36nmlE,238586,16,435,532,913,181,274,-6,563,91,617,9,0,4.0
Clase 406,064cl0EPFMF8HIWPS47mKW,195826,26,571,621,938,0,957,-3,818,124,652,2,1,4.0
Clocks,0BCPKOYdS2jbQ8iyB56Zns,307879,83,599,577,749,115,183,-7,279,130,255,5,0,4.0
Close To Me,4xiyq1iRdsxuU1BPUJ490Z,203266,69,745,724,523,703,811,-11,116,185,965,11,1,4.0
Código Postal,5gh8F3a5wkFaJgt5vkbcZY,181026,40,258,656,0,0,169,-5,404,117,692,5,1,4.0
Coleccionista de Canciones,28Ct4qwkQXY2W5yyNCLuVI,306986,69,336,568,0,0,113,-5,309,142,325,1,1,4.0
Come,1YrC8s6yZWw23QxW6rfM9f,162266,60,232,818,783,886,803,-6,444,99,819,1,1,4.0
Come On-A My House - Remastered 1999,5tLecBHbt80rd0q8bPIMNW,176533,14,636,797,899,0,835,-21,389,110,472,8,1,4.0
Come On. Let's Go,7lAVmqRbm79nGN4auDjJ9b,119960,48,104,0,814,613,959,-9,373,176,766,9,1,4.0
Como Duele (Barrera de Amor),4tSpVX0T8OxtnbjjnEvCsK,240001,32,452,582,624,0,983,-6,273,132,0,4,1,4.0
Cómplices al Rescate,3FuSwDDYm55t4kQHTm3ttE,183240,33,738,419,813,0,513,-4,342,92,925,11,1,4.0
Con poco me lo monto,7wQvGYkLajaF08TUK9qoQv,192413,20,655,702,707,0,645,-6,402,120,935,7,1,4.0
Concebido Sin Pecado,2FUnvbLhHvpx2wZ8shrn8S,240133,25,185,507,704,0,105,-6,407,152,488,9,1,4.0
Concerning Hobbits,644es5aYPJghtZLjM1rmSP,175040,63,843,488,629,406,133,-21,342,104,175,2,1,4.0
Contra Viento Y Marea,4kciJLaO7wMORqQILZbYCU,221373,40,251,488,671,216,105,-6,294,175,579,0,1,4.0
"Cosy in the Rocket (From ""Grey's Anatomy"")",7dOt5MGqYMYeNGXdwlIEbS,265000,48,445,615,0,587,186,-9,307,118,737,2,0,4.0
Cotton Eye Joe,4QeWMGQEyuQSsnzpY7ryVf,190413,0,147,715,937,807,425,-6,551,132,651,9,0,4.0
Coyotes (Versión en Acústico El Embarcadero),0WFSHNVtCYni6ktsBy4BsJ,230136,0,895,433,244,994,113,-8,354,145,242,9,0,3.0
Crash,7COcoiWy4fuz0nH2v8BkRD,152200,48,809,369,0,149,0,-11,321,170,915,11,1,4.0
Creep,0q2izQgiJxTvPks6QyZk3t,293520,16,969,0,108,737,697,-19,404,100,357,2,1,5.0
Crimson & Clover,0I4yYE831a8SW8QIx6bz4x,209640,51,235,408,692,255,197,-9,685,82,684,11,1,4.0
Cry,3p4hRhMcb6ch8OLtATMaLw,256799,83,758,408,398,654,112,-10,277,142,165,7,1,4.0
Cuéntame,6buqYaAyimysMjE8yuiaXy,170000,46,242,675,522,539,287,-13,461,132,476,1,0,4.0
Cups,4eiWWDbWczW2GLqg6Lyg48,130500,34,496,0,854,523,675,-6,228,128,767,6,1,4.0
Da Da Da I Don't Love You. You Don't Love Me Aha Aha Aha,3c5Bt8uT7KprsJschTq8sI,396000,0,598,802,862,969,363,-9,381,131,966,5,0,4.0
Daddy Cool,3WMbD1OyfKuwWDWMNbPQ4g,208600,71,281,763,777,0,134,-6,364,124,929,5,0,4.0
Dallas,1VTkdCRllOOYtwXOU3uXAD,124373,0,0,661,641,261,158,-8,265,126,832,0,1,4.0
Dallas - the TV Series - Season 1,2vuzSRHcqyoAylvQNADhqQ,73487,23,416,0,494,157,568,-10,318,120,965,11,1,4.0
Dame Más,6mS8ubgkRoVjnn0dtnqKBl,267640,27,365,592,808,613,276,-10,481,74,877,9,1,4.0
Dancing in the Moonlight,3Fzlg5r1IjhLk2qRw667od,232693,81,624,632,856,0,347,-3,348,119,867,10,1,4.0
Dawson's Creek: I Don't Want To Wait,61qWeIQhyzQma99gzhvOqI,303314,0,734,405,0,0,867,-10,35,176,558,11,1,4.0
Daylight,1odExI7RdWc4BT515LTAwj,212953,87,0,508,0,441,93,-9,335,130,324,2,0,4.0
De Corazón A Corazón,22A5CixxixTS43bavqvfAZ,247453,22,796,608,0,0,337,-7,271,140,233,5,1,4.0
De la luna (Peregrina),3mhuHdURjiPVkG0NEhWSF4,214546,5,189,586,445,0,108,-6,296,136,131,9,1,4.0
De Pocas. Pocas Pulgas,5MOBYJilZhG0Y5gKynGZ2h,216906,23,407,696,972,305,466,-5,555,126,964,6,1,4.0
Demasiado Tarde,6dBb8rGTeaeDUU5h6g5LPb,204906,0,125,658,809,199,349,-4,443,127,427,0,1,4.0
Desperate Housewives Theme,2iuPMHqU7dvKK4ezEBTAgh,40453,24,704,428,681,934,892,-6,401,140,538,4,1,4.0
Devil Came to Me,2Kmosqo7RmbvzziWLoy4gM,276360,51,0,428,933,134,346,-5,781,171,609,2,0,4.0
Dexter (Main Theme),6g0iSAjAbaaVJpItpdnrDO,97866,9,157,644,661,938,193,-5,278,111,371,9,0,4.0
Different Strokes,4ZTkkBdnMtGLc68nCCas0J,53960,0,744,671,0,138,331,-7,111,119,878,7,1,4.0
Disco Inferno (Re-Recorded),0wDEILSj36R9L1OAUNTkMp,217973,0,201,793,835,111,833,-6,494,128,898,5,1,4.0
Dispárame dispara,39JzLcbxQe5bA2tqctA9Ef,249119,44,219,552,605,101,121,-4,316,144,296,8,0,4.0
Divenire,4O0Yww5OIWyfBvWn6xN3CM,404253,0,914,144,0,883,694,-15,344,88,84,7,1,3.0
Do It,4I2C4zlZEiThG0xbTyPbrg,154160,0,302,471,746,0,153,-4,492,151,734,7,0,4.0
Do It Again,5XIdG3U7eQozVo6cRZFLxD,332973,0,224,867,714,704,104,-5,662,123,623,4,1,4.0
Do Wah Diddy Diddy,7gEpTMp9MQc1uJwivtL37R,143400,0,262,661,557,0,557,-8,49,125,957,4,1,4.0
Do Ya,1DAMVzwIs5TN5etWXONsPy,180093,32,506,609,808,293,853,-2,508,131,0,6,1,4.0
Don't Leave Me This Way (with Sarah Jane Morris),26g8bCaVhcv0KkBi5SlEg7,260946,0,218,654,915,0,0,-6,315,131,916,3,1,4.0
Don't Speak,5AeEoXX8et0BYkcp27Mj5Y,167840,0,695,599,905,142,663,-3,118,136,638,8,1,4.0
Don't Stop Me Now,7cx6hiNiJIcSNfFZYW5fsQ,211733,0,754,0,836,117,487,-6,254,156,453,5,1,4.0
Don't Worry Be Happy,4iXj5uuGqhMWnuphehZbLm,212625,2,0,835,294,753,281,-14,767,139,592,4,1,4.0
Doogie Howser. M.D.,03RDdjjsPizk7mlxB37Q10,159946,16,0,0,171,843,854,-15,544,120,582,0,1,4.0
Downtown,6tJNNPyz7nBri2zZpBUte9,199253,0,925,348,433,275,113,-13,447,112,582,3,1,4.0
Dragnet (Theme and March),7yCvAnH62L9H9K712ejfQv,81586,0,182,666,188,244,598,-16,511,116,0,5,0,4.0
Dragostea Din Tei - Original Romanian Version,09nxdcY2oYo57fJrG6CCCT,213461,0,173,813,966,0,729,-3,417,130,681,0,1,4.0
Dream A Little Dream Of Me - Single Version,78MI7mu1LV1k4IA2HzKmHe,185160,64,913,443,104,0,191,-17,101,76,394,0,1,4.0
Dream Lover,1KLpjQFgubHI3GkAICCNH3,150706,57,715,526,774,0,437,-1,459,131,715,5,1,4.0
Drive My Car - Remastered,02wfEb4PyvM4XvsqDNtqVm,148893,0,173,754,571,0,0,-8,421,122,0,2,1,4.0
Drive On,0Ue7of6Ps26cHWanbTJZPd,251493,28,405,612,607,427,986,-8,377,75,362,9,1,4.0
drivers license,5wANPM4fQCJwkGd4rN57mH,242013,83,768,561,431,142,106,-8,578,143,137,10,1,4.0
Dúo de las flores (Delibes),1XRpLTCL7I3Mdqq3wWwf45,180480,16,0,368,913,966,882,-23,461,65,709,11,1,4.0
E.R.,1pFdo5AbsvggAXRbQWBPTA,50500,9,917,495,739,0,228,-8,0,191,694,11,0,3.0
El Hueco,5nLGZ38C7vge9dYIr9sM1b,144853,7,108,0,853,277,841,-6,282,134,443,9,1,4.0
El Juego De La Vida,4ztXQ7JTXVraQgZ2otAs0I,239807,29,106,756,963,251,529,-4,508,119,875,2,1,4.0
El Mundo (Il Mondo),2vjIE8DUvkmUk49oDW5l3H,195120,0,229,662,798,32,276,-4,352,119,531,7,1,4.0
El Rey Tiburón,1PYZtMbLD4vrpGYEVij0eS,292120,51,272,0,908,174,102,-2,274,128,962,7,1,4.0
El ritmo del garaje,0voG2O2r0KE9atusX4OQbI,293533,25,381,575,718,504,0,-3,545,140,962,7,1,4.0
El Tigeraso,77QQb3KolcWnnV3LIBwk3g,167773,0,157,639,734,541,293,-7,122,166,555,4,0,4.0
El universo sobre mí,1jJn6iK6o2Vg7iUKHztRTk,249680,63,135,391,837,0,106,-4,404,185,434,2,1,4.0
Ella,2GNJawOSDChPzLODARwBoB,160468,44,795,714,0,416,158,-8,321,154,0,3,1,4.0
En cambio no,6ea3gVkbrhghwfoio3NFpi,237440,67,0,536,378,0,115,-6,266,133,147,0,1,4.0
En el Mundo Genial de las Cosas Que Dices - Al Natural,4YzybuHsIUR5VOi8iaxotu,251040,11,0,527,442,0,0,-8,342,95,0,7,1,4.0
En mis besos,6vOgu4cRDv0KaxgDYU1C1t,214466,43,851,0,397,122,746,-12,279,86,345,2,0,4.0
Enero en la playa,6yp5YV9LK7SmpeIx0R2oNO,317613,26,845,634,367,725,0,-12,45,94,982,7,1,4.0
England Skies,5fVFW9WqTsBt34JFhKxIty,235043,51,158,562,492,244,97,-7,269,83,237,10,1,4.0
Enloquéceme,6S7RCt5NBbhtYKf7doejfq,249000,29,948,865,0,91,228,-3,104,106,831,7,0,4.0
Estando Contigo,49Z7Zpog1ognJ6dwPPjvAx,169800,2,0,506,444,21,597,-9,131,201,719,9,1,4.0
Esto Es Lo Que Soy,21E5BiLrro5Cw2qrACsar7,214080,28,166,512,884,0,119,-5,519,144,446,2,1,4.0
Ever Fallen In Love,0ehSg6Qnt2UpGdAYgppcQM,199746,0,187,698,779,116,142,-5,335,93,859,0,1,4.0
Every Breath You Take,4u2b3QdJ6FkyaaTK0TrRQR,167653,59,392,774,422,0,202,-9,324,120,457,0,1,4.0
Every Teardrop Is A Waterfall,3ViG53I02hn2DmNybJXZ1h,243000,0,152,431,739,249,931,-6,387,118,329,9,1,4.0
Everybody's Talkin',2lkIZVG7aRjPd0zXq6rb47,163053,0,569,438,448,33,211,-9,323,124,668,4,1,4.0
"Everybody's Talkin' - From ""Midnight Cowboy""",1t0BrJYmUBuPRzxzY9GImM,164906,0,383,412,473,841,541,-10,37,124,676,4,1,4.0
Eye of the Tiger,2KH16WveTQWT6KOG9Rg6e2,245640,76,132,817,599,311,873,-9,328,108,548,0,0,4.0
"Family Guy Main Title - From ""Family Guy""",72jm8yTVBe8LKbvr3EU8gR,31986,40,311,628,555,0,108,-8,94,145,0,5,1,4.0
Family Ties,0BFGhvWxWzUJ9JNjzEGurZ,64888,12,673,427,386,175,114,-16,703,83,185,0,1,4.0
Fan de Ti - Edit Version,5yImWXxZ0Ll2ELOpEOKG4L,216666,18,165,544,0,0,821,-2,304,133,404,0,1,4.0
Feel So Close - Radio Edit,1gihuPhrLraKYrJMAEONyc,206413,85,972,707,924,703,204,-2,31,127,919,7,1,4.0
Felicità,7sXTcibuNYugjjYNfgf2kY,193160,70,489,0,625,0,439,-8,402,107,814,0,1,4.0
Fever,2CeqxyOZEyiL6pTDYZ9gPH,201333,55,906,742,899,0,113,-19,158,137,351,9,0,4.0
Fitzpleasure,6gP9gjBR6KQ4T2pw9CLtkj,219386,0,142,573,0,146,102,-6,49,143,352,9,1,4.0
Flat Beat,7GP1ZmPGH1puBliT9S6Fi5,325173,45,23,921,418,261,406,-11,589,128,445,4,0,4.0
Fly Away,0n0eMsX7WgEtc7dlscbuKU,221893,50,212,597,868,0,664,-5,526,160,709,7,1,4.0
"Flying E.T. the Extra-Terrestrial"")",4J9mulgiRlkkgdAONNVGQv,222773,40,772,218,0,749,133,-20,355,78,695,7,1,3.0
Follow,0MMWj8de7P5rm4OnsJzlMn,196480,0,444,535,766,621,615,-5,786,151,625,2,1,4.0
For What It's Worth,1qRA5BS78u3gME0loMl9AA,153693,82,406,653,519,209,101,-10,497,98,822,2,1,4.0
Forever Young,5d4EJrwEEQgP4qzs6gwzsD,239120,0,167,379,664,679,915,-6,307,115,301,11,1,4.0
Found Love,06bP5fBUljQLN6GPEMpiFr,196333,42,529,588,0,878,341,-5,272,86,359,0,1,4.0
Fourth of July,5Qnrgqy1pAm9GyNQOgyVFz,279316,78,973,435,104,0,119,-22,445,120,162,6,0,4.0
Freedom! '90,2FaZsSfghCffWexhcG7QEC,388400,0,991,676,873,144,541,-7,44,91,818,5,1,4.0
Frente a frente (feat. Tulsa),73KNzyiG6xM6xguaLe4ICj,233960,0,513,419,473,352,133,-8,288,138,324,7,0,4.0
Friday I'm In Love,1sME2jR8BFAp3QlBaswcsS,213266,0,671,551,895,894,359,-7,358,135,464,7,0,4.0
Friends: I'll Be There for You,2if9H4ebDIgXE6W3Op5TtG,184130,0,913,258,704,876,0,-10,422,191,814,9,1,4.0
Full House,7jKHyd5AVkgKpWUg795won,63906,24,329,0,669,0,123,-9,529,127,686,4,1,4.0
Game of Thrones (Main Theme),7291HY2uZEHwk5BQZunOSa,100884,8,483,299,657,644,176,-9,428,169,275,0,0,3.0
Geronimo,2Pavqy0vPxGilGe0IIetdP,218227,0,434,707,771,13,115,-6,783,142,437,7,1,4.0
Get a Little Dirt on Your Hands,64aBLWQzwFEmLfKwOWLz7y,184826,22,898,708,398,449,223,-10,356,121,661,5,1,4.0
Get Up (I Feel Like Being A) Sex Machine - Pt. 1 & 2,2Q3V7RKJSRSNrRHyY5Junj,315093,0,224,771,886,38,307,-1,979,108,744,10,0,4.0
Gilligan's Island Theme,3T8lqmIn5TAUzU9wjPt2YD,93777,34,608,703,0,0,456,-8,275,109,752,0,1,4.0
Girls Like You (feat. Cardi B) - Cardi B Version,6V1bu6o1Yo5ZXnsCJU8Ovk,235545,64,566,779,541,0,0,-6,658,124,447,0,1,4.0
Glacier,7jCH6aPThvaCXItJNgGzuX,248840,10,0,538,398,505,102,-9,599,150,0,11,0,4.0
"Go Go Power Rangers (From ""Mighty Morphin Power Rangers"")",1zt7adjAOO6kw5r3yLD3va,65208,8,104,303,946,159,414,-2,767,94,539,0,1,4.0
God Save The Queen,1jqUgrWfujbEMQZ4LXPUfT,200080,0,146,271,911,459,157,-5,728,149,501,9,1,4.0
Golden Chains (feat. The Shoes),7sezkduh9WQJMVwnPeSz77,175320,0,634,682,704,446,941,-5,39,105,767,2,1,4.0
Golden Girls (Thank You for Being a Friend),5PS1pJgC3axpKanB4FViJB,46915,22,489,715,459,6,139,-11,409,110,354,2,1,4.0
Golden Skans,6TBmUrZflEhWqkuEWxaoEU,166693,0,781,448,817,244,283,-2,402,141,723,2,0,4.0
"Gonna Fly Now - From ""Rocky""",0aHeHQiqse8YRy4UtRZ0iK,284666,1,666,326,551,0,578,-7,355,90,318,0,1,4.0
Goodnight Moon,3XpJO7x4y6MLdwo5QU2sA8,244293,56,283,743,678,158,68,-7,313,112,809,9,0,4.0
Gotham main theme,72FDWsobMwKSo4C5yz78kt,136117,12,0,428,404,923,116,-14,298,94,175,7,0,4.0
Gotita De Amor,4w6O2VvJ1DJabqrmR2TJZ9,148493,20,891,681,0,0,0,-3,664,139,928,1,1,4.0
Gotta Be Patient,2Nb2SSUnGfThgDyG9ZOAkS,160318,38,366,727,528,0,284,-7,106,137,0,7,1,4.0
Green Acres,0wLNGspvvn4617zDA7ihx9,70519,0,678,714,393,255,489,-13,975,120,778,2,1,4.0
Growing Pains (As Long as We've Got Each Other),5tfFcnXH3aEWxGPWwIsQQJ,69355,17,635,0,553,0,283,-13,505,121,268,5,1,4.0
Guerrera,3Q6zROQvMXRtR9NYfDpNWL,208695,58,165,0,605,0,185,-6,52,115,644,6,1,4.0
Guitar Man,6MOtjGcj62i72t3K7rMVoO,226213,48,144,553,506,378,438,-13,46,143,0,4,0,4.0
Gunsmoke,42NLOYbanl3orgXKYeYUnP,96800,15,818,389,0,251,208,-8,288,105,528,5,0,4.0
Hallelujah,6JUALLwHnidbO4eM09ArIh,249613,0,874,479,186,0,114,-7,302,71,435,9,0,4.0
Hallelujah. I Love Her So,5P11rW6aJErF37MTfRZS31,155506,63,792,696,547,0,155,-5,169,73,623,5,0,4.0
Hands Up,31xCliZ8NISxt9uaXGA9XB,208573,0,607,888,876,323,375,-4,425,123,992,8,1,4.0
Happier Than Ever,4RVwu0g32PAqgUiJoXsdF8,298899,82,767,332,225,349,128,-8,348,81,297,0,1,3.0
Happy,6lkBm0HuGooeS21upFP77i,233305,38,757,831,757,0,886,-6,319,159,962,1,1,4.0
Happy Days,3UtONF74cRv7QRbndW1Vin,157586,0,127,596,522,0,114,-8,276,94,929,2,0,4.0
Hasta Que El Dinero Nos Separe,48uhVWfTcdknkULh1tQx0S,203826,10,803,395,318,0,261,-10,608,141,538,6,0,3.0
Have You Ever Seen The Rain,7ix6FlTNXFcWHqEoJh89xR,208354,42,737,612,507,2,895,-6,261,119,522,0,1,4.0
Hawaii 5-0,0AUWZaBnDPZ2CVMB2fgoiO,202240,34,316,0,725,484,766,-7,33,174,0,5,1,4.0
Heart Of Glass - Special Mix,0a4agFmqHXxcZl1nho1BxM,275733,67,15,694,577,859,853,-14,309,114,846,4,1,4.0
Heartbeats,16j0oMDsmn2aeAewzF1NUi,160240,72,974,554,0,735,698,-16,338,87,314,3,1,4.0
Heavy Cross,4N6R6yqkFUTyF3AYOdR0T7,242786,54,946,792,697,899,131,-4,32,120,0,2,1,4.0
Hello. Dolly!,2gd28EFQmVBuAp5ihe1dAR,147000,67,842,0,405,114,198,-9,0,0,0,0,1,0.0
Here I Go Again,1tQ5TSr1tyeQUbHKBee0jv,232800,56,151,484,877,17,0,-5,337,92,687,7,1,4.0
Herida De Amor,2EWGvUD8572bGdCUZpWGxY,268946,34,324,512,533,0,107,-8,289,147,257,11,1,4.0
Heroes - 2017 Remaster,7Jh1bpe76CNTCgdgAdBw4Z,371413,73,678,489,758,0,92,-6,297,112,435,7,1,4.0
Hey,5BtNKZScq7gRDbcJ2FhIQb,300506,53,0,0,434,0,106,-12,353,104,325,2,1,4.0
Hey There Delilah,15iEXnizukvzpAFbLIRGKs,233200,0,819,527,452,0,102,-7,293,103,311,2,1,4.0
Hey. Soul Sister,0KpfYajJVVGgQ32Dby7e9i,216666,0,217,675,885,0,86,-4,436,97,768,1,0,4.0
Hill Street Blues,1rnhwRtHUz4g2Bo300uLoH,187706,24,0,554,399,668,138,-10,314,97,209,3,1,4.0
Hit Me With Your Best Shot - 1999 Digital Remaster,7nrtHjt4Vk4Z5jMHOwaS8F,171293,0,109,715,702,773,255,-6,296,127,954,4,1,4.0
Ho Hey,1jdNcAD8Ir58RlsdGjJJdx,161226,0,779,685,474,123,149,-9,313,79,0,0,1,4.0
Home,10ViidwjGLCfVtGPfdcszR,306320,0,0,545,0,389,124,-6,327,111,127,2,1,4.0
Home Improvement,2ScZK7mOFUjkIprsYwSPGU,70000,17,311,575,862,952,306,-8,664,179,0,7,0,4.0
House Of A Thousand Guitars,1SlatjHQbN3SO0JERD4Mwk,270280,39,332,567,523,0,709,-8,287,118,522,11,1,5.0
House of Cards (Main the TV Series),0YTqK6BZkBr3da3ktdRaWN,110000,16,697,423,609,0,958,-10,362,98,757,9,0,4.0
How I Met Your Mother (Main Theme),73gkatHJ87Tut4nWDQY9mf,72226,8,323,0,831,928,0,-5,31,135,668,2,1,4.0
How to Save a Life,5fVZC9GiM4e8vu99W0Xf6J,262533,80,269,0,743,0,101,-4,379,122,361,10,1,4.0
Hoy Tengo Ganas De Ti,4xDPw0yKACEyZ5M3Mts69i,291253,43,312,387,472,0,687,-6,392,123,188,3,0,4.0
Hundred Mile High City,5P2CWpIzIsjU8gxIy5Jtx8,235466,33,113,459,933,434,0,-3,442,112,693,2,1,4.0
Hundred Miles,5dyDkXi1bnQKSyIdO0JXp8,172413,0,25,479,714,153,206,-3,109,98,0,7,0,4.0
Hurt,1med9ijNdCwxnyS8vBpfhR,218533,0,666,536,0,906,841,-7,263,90,146,9,0,4.0
Hustle,5nDYaDVTKp1SYW3sgFrdO1,268293,0,579,687,663,136,287,-7,603,90,925,2,1,4.0
I Ain't Worried,73PAbYaVbnFG0tQ4aBfxeN,148485,60,826,704,797,745,546,-5,475,139,825,0,1,4.0
I Am...I Said,67nKQBktGIafE3DBW3Cbe4,214946,51,104,253,553,687,995,-7,27,89,506,10,1,4.0
I Can't Go for That (No Can Do),6r41t4oJtwcBHp4h1ZDMlj,307306,39,334,891,452,113,342,-9,369,110,964,5,0,4.0
I Do,49ycqtJEpls38Nh75FAuMP,223266,35,358,727,735,904,803,-6,293,110,725,10,1,4.0
I Don't Want to Wait,1c4OTH4Y6Og2vU9R1J1Ihu,318933,0,297,397,0,902,571,-5,473,177,413,11,1,4.0
I Dream of Jeannie,6BCV23kVtJXuXah3R8UhKg,70904,25,225,771,464,153,471,-9,386,104,0,7,0,4.0
I Got You (I Feel Good),2LZdFnXIXuky0S0Jhdl4Qz,166586,0,396,482,805,0,285,-1,656,143,655,7,1,5.0
I Heard It Through The Grapevine,1tqT6DhmsrtQgyCKUwotiw,194293,73,272,711,362,0,127,-10,381,117,616,3,0,4.0
I Just Want To Make Love To You,33K1u1kovHtnBt9sZoz2Eb,188333,32,815,469,618,0,787,-9,131,108,588,8,1,4.0
I Like It,7Lxft7xjXOPHFZUs2Qq7ma,194653,0,14,632,933,0,584,-2,795,129,784,10,0,4.0
I Like The Way - Radio Edit,5NkiypiOPZNNsMOYXwU2f3,202546,21,255,641,858,521,102,-3,44,128,721,1,1,4.0
I Lived,2QAHN4C4M8D8E8eiQvQW6a,234440,45,828,595,858,0,234,-5,446,119,0,9,1,4.0
I Love Lucy: I Love Lucy,4pR3xlE7fnOsdvV7QWiiJx,59000,0,922,391,561,978,239,-3,343,150,964,5,1,4.0
I Love The Nightlife (Disco 'Round),74FCzg4WLH8GM2p8ZuXHHv,207226,0,221,693,706,368,261,-6,441,125,884,0,1,4.0
i love you,6CcJMwBtXByIz4zQLzFkKc,291796,79,952,421,131,453,109,-18,382,137,0,0,1,4.0
I Love You. Ono,6dqwC9luY0ig1Wkvax24HJ,188640,0,629,838,0,0,315,-2,104,113,871,0,0,4.0
I miss you. I’m sorry,4nyF5lmSziBAt7ESAUjpbx,167538,82,731,445,455,147,124,-6,575,109,151,7,1,5.0
I Turn My Camera On,09k5Qyysx5RnXLqamvdYEN,212026,0,214,0,364,533,107,-9,387,100,762,10,1,4.0
I Want It All,0v85FJoA8xxX43BtE1BDam,281200,0,518,227,688,517,223,-11,467,92,455,11,0,4.0
I Was Made For Lovin' You,48PBqbMjiYPq3VsY7vG5n4,270960,0,0,771,847,645,759,-6,383,128,886,4,1,4.0
I Will Always Love You,4eHbdreAnSOrDDsFfc4Fpm,271093,76,845,332,214,562,839,-12,349,67,0,4,1,4.0
I Will Survive,4THrHKyBL0yaDDw9yg37Zk,310333,61,306,501,689,169,133,-7,318,95,873,4,0,4.0
I'd Love You to Want Me,6bKuIK89XZFe5fwW8whUlK,247640,48,122,431,543,123,598,-9,394,77,0,10,1,4.0
I'll Be There for You - TV Version with Dialogue,6IWbIBiYAdmk67Tgt8kjmA,92386,38,227,384,723,0,674,-7,823,188,517,11,0,4.0
I'll Never Love Again - Film Version - Radio Edit,3DKpA54hrFIdPN6AtL9HXa,281235,54,785,0,335,129,979,-7,299,109,0,7,1,4.0
I'm an Albatraoz,5MhsZlmKJG6X5kTHkdwC4B,166848,71,601,883,817,449,0,-5,235,128,595,0,1,4.0
I'm Gonna Be (500 Miles),66S14BkJDxgkYxLl5DCqOz,219466,68,151,851,551,0,827,-5,396,131,807,4,1,4.0
I'm in Love,1KvBNGyjzTk01YrOXq0EoF,161561,0,218,588,883,0,584,-5,54,99,651,2,1,4.0
I'm Into Something Good,6qrHnS0f1raPfbWUyZIz1b,171502,42,349,879,604,426,811,-9,0,123,859,1,1,4.0
I'm Too Sexy,2WElktskrNJEwgpp5Vouxk,170466,1,491,683,739,122,293,-12,495,122,836,11,0,4.0
If You Tolerate This Your Children Will Be Next,2VmyLy2HQlkevZYboXHM5O,290960,56,19,267,0,18,84,-6,418,127,267,0,1,5.0
If You Wanna Be Happy,6VT5FAXeUNsHaz0wZbhYT3,139600,0,603,0,871,218,338,-7,365,93,907,10,1,4.0
If You Want Me to Stay,2BydLQAh7CUIFvSEqAMc4x,180493,63,0,843,0,782,108,-11,492,101,762,11,0,4.0
Il Pericolo N.1 - 2001 Digital Remaster,7HPD1uwXN7RRcZd0KMXNsi,170866,3,606,778,412,0,342,-7,577,93,799,0,1,4.0
Imagine,4jS6mCmznV5fjTNLf4h61o,276426,50,987,524,528,57,849,-14,49,129,288,6,1,4.0
In My Heart,5GQyo2o20Y8DV4p5ig4NcL,276693,0,109,557,0,585,0,-10,291,114,172,4,1,4.0
In My Room,7CiDwKE62N6ey3LyG6s7xc,177609,75,521,408,338,639,732,-13,431,133,0,4,1,3.0
In the Ghetto,6csLL0MBNVIMx19PfsKsW7,177573,48,755,477,415,356,104,-10,313,87,417,10,1,4.0
Inocente de Ti,1srVL4H2UcRHRPZPvMEWq2,245693,26,178,404,791,0,701,-4,119,199,542,0,1,4.0
Insensible A Ti (Me Pone A Mil),6WP2v1QpghefM2iM4x5L4a,243933,63,805,471,383,0,159,-6,542,174,486,3,0,4.0
Inspector Gadget,7COqi3bsIF5j3uqODbWGoM,75240,35,136,807,504,171,398,-11,441,102,648,5,1,4.0
Interior Student Cafe,3XvfTdXUGC3q8FXgPCDVbp,96333,0,672,385,242,747,156,-12,279,95,529,7,1,3.0
Interior student cafe (Outtake),2vhdGdQ2q7JyyI32NRydOY,96466,0,0,401,263,205,158,-12,288,95,515,7,1,3.0
"Introduction and March (From ""the Battle of Britain"")",2hjan5RrhATnXs6hhFF2MZ,266986,12,915,374,237,745,107,-18,477,113,565,2,1,4.0
Is That Alright?,172e82oK9vGoBPvc6SqMm5,191280,59,868,558,279,125,978,-7,373,102,262,6,1,4.0
Island In The Sun,2MLHyLy5z5l5YRp7momlgw,200306,80,719,654,0,251,165,-6,288,114,661,4,0,4.0
Islands in the Stream,4mnOVRRXsaqg9Nb041xR8u,249360,66,681,592,473,0,732,-9,354,203,741,8,1,4.0
Istanbul (Not Constantinople),63vL5oxWrlvaJ0ayNaQnbX,153813,65,801,688,748,453,136,-9,377,114,892,5,0,4.0
It Don't Mean A Thing (If It Ain't Got That Swing),6itlI3Mf2zR3DhLw9MoHdy,240600,28,525,728,215,156,633,-13,192,96,561,7,0,4.0
"It Must Have Been Love - From the Film ""Pretty Woman""",6kvoHl80mfCVTv7XnZkjQn,258786,77,339,0,652,614,256,-6,274,80,722,5,1,4.0
Jackass (Corona),0jnhd1Q8XwvjtdJ88D7RLP,147000,13,244,471,893,0,0,-8,306,130,961,7,1,4.0
Jacques Your Body (Make Me Sweat) - Radio Edit,40LVmUdf4UtJ4Du8VjoLrp,166653,0,152,683,964,323,625,-6,545,125,363,6,0,4.0
Janey Needs A Shooter,3S2bActYBlskH5gtanFIMO,409413,36,521,359,819,115,167,-5,292,152,545,9,1,4.0
Je l'aime à mourir - Live from Paris,0MOXq3Fg8y3HtFGT1qLH40,230453,47,0,287,579,0,974,-6,363,142,0,0,1,4.0
Je te laisserai des mots,44A0o4jA8F2ZF03Zacwlwx,160853,83,989,303,187,499,102,-16,356,132,212,2,1,4.0
Je veux,41CFzRHUEOdbf0bUOd3PN2,219186,0,244,518,873,0,558,-4,828,155,719,2,0,4.0
Jeopardy Main Theme,7HiPgTQFj0L2XHrSC97F1W,127232,38,417,0,286,924,102,-13,28,127,438,10,1,4.0
Jerk It Out,1bx7OUl2UmAnA5oZkm9If7,195666,62,171,0,981,107,386,-2,0,134,861,8,0,4.0
Jerusalema (feat. Nomcebo Zikode),2MlOUXmcofMackX3bxfSwi,342612,70,185,0,483,868,607,-7,505,124,827,1,1,4.0
Johnny And Mary,0ldTcpmFsxEASGiBBIfVLW,239053,57,125,664,597,953,32,-10,404,153,968,2,1,4.0
Jungle Drum,49sGyqfSqURWHIKDbkTfdQ,133466,54,131,637,0,55,735,-5,747,118,858,4,0,4.0
Juro Que Te Amo,7gc0wrYxUaXBnHWpZY1A89,227613,30,443,498,724,0,338,-4,547,143,542,11,1,4.0
Just A Gigolo - Remastered,6lYeYgSkWh6TZDQy6YZuvG,283200,49,597,525,403,0,565,-11,945,125,718,8,1,4.0
K.,1FWsomP9StpCcXNWmJk8Cl,320030,82,0,454,401,837,136,-10,264,93,319,3,1,4.0
King Of The Road - Single Version,6FRbz0fEzz0Mho2r6Z7gWe,146173,0,587,0,427,0,147,-8,585,118,602,11,1,4.0
Kiss You All Over,4MXmWjeMGj4GtuTQuHLHRB,212080,0,368,697,469,161,454,-9,247,102,524,0,1,4.0
Knight Rider,01je5Y2w6axVaUV9oWjMrt,78533,40,269,593,929,877,126,-7,319,115,919,6,1,4.0
La Banana - El Unico Fruto del Amor,3XYSI6H0ttRuBoXiLx7YEh,148528,22,606,714,765,284,309,-6,315,141,916,8,1,4.0
La Carretera,7pjtYZml30McGVL6Lk5bMh,281040,53,663,474,333,312,128,-15,324,122,696,2,1,4.0
La Descarada,0GXGsFQeB1x5H21xjTF2j5,203906,57,337,647,646,0,837,-5,102,90,0,4,0,4.0
La fea más bella - Margarita y Jorge Villamizar de Bacilos,2iBjQQEpZ6U5QmgS19VBuB,221240,27,141,813,784,0,135,-5,125,109,878,4,1,4.0
La fiesta,0ZMAHNoLPH66u6ddvoMrtD,173293,4,174,407,894,445,174,-5,982,130,747,6,1,4.0
La Grange - 1999 Remaster,0FMhMAFPLg8EljnROSoVnj,232533,7,494,552,651,349,132,-10,229,161,533,4,0,4.0
La Intrusa,79FC5ESehj0wabRgaxQFCU,234533,13,215,624,0,408,896,-7,327,85,582,11,1,4.0
La otra - dueto Edith Márquez,5sr2LyqsZxYglWhJUpLpE1,154413,39,867,433,295,0,124,-9,325,104,234,0,0,4.0
La Promesa - En Directo,4bEGafjfTLxVac7UJCxKrE,242000,0,0,459,822,0,551,-6,492,153,403,6,1,4.0
La Vie En Rose,3tv3f29zjhzL3kcvQE8tGl,179760,42,759,303,405,0,706,-7,319,83,333,8,1,4.0
"Lakmé: Duo des fleurs. ""Sous le dôme épais""",2VQNCzye6uIz9NdafiAEf3,293853,0,0,324,127,289,106,-16,457,74,101,11,1,4.0
Las de la Intuición,3uU6dqBjVKRTPis0RrTaT4,220666,70,331,728,731,351,888,-7,347,130,602,2,0,4.0
Las Vías Del Amor - Cumbia,6FzaoUzqm9iYdphiDfdxnZ,186053,26,428,0,648,125,142,-7,285,154,884,4,1,4.0
Lavern & Shirley (Making Our Dreams Come True),1Ad8SFRpRRDsYHTylFSQyk,150733,0,556,467,732,119,288,-6,33,82,842,5,1,4.0
Law & Order,0IpOLDDlfk0I902oJMIBdK,195800,26,174,701,344,856,813,-13,366,118,174,0,1,4.0
Lean on Me,3M8FzayQWtkvOhqMn2V4T2,258834,69,782,619,0,119,124,-13,672,75,426,0,1,4.0
Lemon Tree,1yN2z5XVtaAOYGdeEqEuqd,191026,0,672,669,479,0,0,-8,442,143,679,1,1,4.0
Let Me Entertain You,0SLtqCrXBRrnkxSOMA3X4W,262000,63,169,478,965,251,854,-5,642,125,347,10,1,4.0
Let The Sunshine In (Reprise) - Remastered 2000,2r5seNRSheLITyH4cevy2O,87800,53,507,455,783,163,154,-6,444,118,648,11,0,4.0
Let's Go Surfing,2TOoPCW05TjfwMqpVTThVZ,177120,0,331,0,907,362,681,-1,325,174,782,1,1,4.0
Lets Go Surfing,03ugM77FPCJds1QJp32rUu,175106,0,244,584,801,549,995,-5,323,174,0,1,1,4.0
Liar,4OheP64E8by5wSNEt5keey,188466,0,128,716,883,0,907,-3,824,128,0,7,1,4.0
Libre,1zQOsOu34E3BeQoHxMCwlX,211173,38,244,648,849,0,379,-5,519,112,601,2,1,4.0
Life Is Rosy,4KgKNGqS6VjynIPIRlK2Bu,193466,0,226,581,758,0,109,-3,425,201,869,2,1,4.0
listen before i go,0tMSssfxAL2oV8Vri0mFHE,242652,73,935,319,561,384,388,-23,45,79,82,0,1,3.0
Little House On The Prairie,7s6xrkyl0nwGrL61W0sQ6C,177186,21,332,501,443,927,119,-11,306,117,498,7,1,4.0
Live Your Life,5uEgsMVsp3Js7LKHOFAwOW,180573,0,134,621,812,0,165,-5,401,104,0,8,1,4.0
Lo Que Nos Merecemos,7lBOBU7sTDpEUDyoWFjbA4,237853,51,548,854,612,877,768,-7,351,138,868,6,1,4.0
Lo Sabes,4cJCrWSBf6QJCaBFLTxiO9,230945,5,252,537,659,0,155,-4,187,101,556,8,0,4.0
Lo siento,5o2M4yHxo9kyNLdgihFeV1,230646,62,655,362,0,0,133,-7,582,77,284,2,1,4.0
Loca,6M01wcvE4CfDURWumoGmGf,241293,25,187,0,935,365,156,-5,391,99,957,10,0,4.0
Lola,0UAJH0k4k3slcE83a9UGCe,241040,1,582,474,917,231,201,-4,395,152,902,9,1,4.0
"Look Away (From"" A Series of Unfortunate Events"")",0OBae7i3pGxlk6tyYvwJRM,296617,34,613,0,731,0,0,-10,924,135,722,6,0,4.0
Look Who's Lonely Now,6BwxivQV692ovwxK7ERcwp,236600,0,103,632,0,172,392,-12,316,88,748,11,0,4.0
Looking For Sabaha - Bof La Vie Est Un Miracle,6GbEA5PX6vM03KmhkKrkkP,88093,0,838,717,381,943,832,-13,608,119,637,9,1,4.0
Looney Tunes / Merrie Melodies,0Uucnv0AnXxM2mjohUsuuz,38893,0,578,447,614,939,238,-6,465,143,0,7,1,4.0
Lost on You,3SqvR3HYLlCTYzbDXJ52OC,268105,6,0,432,724,0,918,-6,372,174,687,5,0,4.0
"Love And Marriage - From ""Married With Children""",2WBu1nXtlAut4ecRFtXGwF,155300,12,732,792,141,163,0,-13,356,111,478,10,1,4.0
Love Don't Die,6IDDwI0YOCAUDhMZltQekS,183093,52,95,632,805,0,197,-4,303,115,275,11,0,4.0
Love Goes Down,0lIGejx4KZkhycdCsdGeRs,232333,44,735,515,776,598,893,-4,614,183,0,2,0,4.0
Love Is in the Air,6o36q5KrEhVKuhAIUQQMkr,230249,35,443,675,876,169,333,-7,323,124,951,0,1,4.0
Love Is The Only Way,2TDKoBltljz29sUAk3FZ7J,189760,18,844,382,0,0,101,-4,108,84,718,9,1,4.0
Love Me Again,7v6EVHw0iUL8ww77IaoLCZ,239894,0,393,497,888,562,968,-4,452,126,236,2,0,4.0
Love Natural,04MNyOQZDvLsW2gjAm9q2L,199526,0,392,654,791,0,321,-6,48,133,603,11,1,4.0
Love Natural - Radio Edit,04MNyOQZDvLsW2gjAm9q2L,194404,0,336,597,0,0,104,-5,295,133,336,11,1,4.0
Love Today,7d40ltmahMLJKA8HhzX9xe,235173,0,284,669,0,439,109,-4,639,124,564,6,0,4.0
Love You Anymore,7JEUg9KqmpdIE5Nbb9ss66,182666,59,869,693,257,0,0,-7,356,90,603,6,1,4.0
Lovefool - Radio Edit,6vvYOBxKmCvUSEQgxdZiAq,198240,0,251,648,688,308,149,-4,282,111,937,9,1,4.0
lovely (with Khalid),0u2P5u6lvoDfwTYjAADbn4,200185,87,934,351,296,0,95,-10,333,115,0,4,0,4.0
Lust For Life,7egQFB1zrDcvy3kdTaKbpc,313800,0,125,0,943,0,139,-8,544,203,778,9,1,4.0
M.A.S.H. Theme,1FQOYThE7foLUwf7rwcFdw,169411,11,793,0,271,0,118,-10,289,115,0,11,0,4.0
Mack the Knife,3E5ndyOfO6vFDEIE42HA8o,184333,59,0,549,529,0,206,-12,108,82,464,3,0,4.0
Mad About the Boy,6VQSFrSLmsVhwBRul5Gndu,169200,32,0,367,496,819,744,-5,301,107,335,5,0,4.0
Mad Men (Main Theme),4m76K6JC1jVFZAmE38ASMp,42280,7,174,407,766,907,336,-5,545,119,724,2,0,4.0
Mad World,3JOVTQ5h8HGFnDdp4VT3MP,189506,66,976,344,585,362,103,-17,373,174,323,3,1,4.0
Magnum P.I.,6TMr2xVIBF01zfw0iYJHEv,203626,0,806,547,0,848,787,-9,317,124,0,7,1,4.0
Mais Que Nada,6YTBfxkdGce9pLEy9jG9Jo,159466,64,524,637,493,152,136,-13,482,88,932,0,0,4.0
Make Me Smile (Come Up And See Me),4uNT0flZ6k8iUi1g5NPY3h,241160,0,558,0,691,762,134,-12,333,141,822,0,1,4.0
Makeba,4TNFLwe6DhtR3Wn1JKMqMJ,248986,67,426,825,662,417,285,-9,686,116,417,2,1,4.0
Mala,2wSaEjkCxmyuDmqs6R2CKH,186923,0,28,805,728,346,104,-3,519,103,675,6,0,4.0
Malibu,1UZOjK1BwmwWU14Erba9CZ,231906,73,767,573,781,264,813,-6,555,139,343,8,1,4.0
Mambo No 5,3fQLXoRwKQTnThncdMCqwG,156975,44,0,673,493,753,358,-14,0,180,807,5,0,4.0
Maneater,3138bmzQx3T63klLycjwT0,272000,40,275,732,696,731,95,-7,404,88,806,11,0,4.0
Manic Monday,0LjBejcg7t5Ha5CHTYrcnf,183666,27,128,627,788,327,409,-5,284,121,0,2,1,4.0
Many Rivers To Cross,1dZxI6OuzwJ283y3gOU1Kq,164066,49,0,399,212,434,116,-16,747,137,149,5,1,4.0
Mañana,5OT9VedRYazwsYKH0G2cua,293146,43,275,537,731,126,159,-7,662,95,529,11,1,4.0
Mañana Es Para Siempre,7AcOWnG1ca3nJ4GlSRFYFj,218266,12,0,344,519,0,185,-8,334,146,225,0,1,4.0
Mar De Amor,35TyNEFiOkeUVuZNCpyngg,218013,17,246,737,807,0,102,-6,862,103,872,11,1,4.0
Marche funebre d'une marionnette (Funeral March of a Marionette),5aS4oXJsJX2YVBlvqj46l7,267480,0,955,434,278,821,0,-29,443,110,322,2,1,4.0
María Belem,0hyVmBxEde2tr17HebQ1ix,190586,0,195,666,688,0,262,-10,352,110,556,0,1,4.0
Marvin Gaye (feat. Meghan Trainor),6ukMqDxnOPOgoHdak7Kyp3,190453,60,417,795,616,0,349,-5,0,110,815,1,0,4.0
Mary Tyler Moore,0hUQgol5uNdfI7YX7kjoQF,60480,0,798,446,401,344,0,-12,36,129,723,9,1,4.0
Mas Que Nada,6wf7UaW8ZB6iSkIVacpxYQ,165400,31,0,679,724,181,751,-6,293,80,806,5,1,4.0
Más Que Tu Amigo,1Vy7WUJubV9JEoebuJ9dfe,209506,71,221,786,604,166,63,-7,413,97,0,0,0,4.0
MASH - The TV Theme,2AXp6rYOxKL0KWZbiiTXA0,54714,28,789,669,282,953,962,-10,298,112,0,11,0,4.0
Matilda,6uvh0In7u1Xn4HgxOfAn8O,245964,77,896,507,294,197,966,-10,0,114,386,2,1,4.0
Matty,0DX4H3w5jisFCYaksnXedg,188640,3,762,605,291,334,125,-17,483,167,758,7,1,4.0
Maybe,5k3lH7XZHSKJn00zs4fOVo,206120,0,171,437,913,0,284,-4,972,167,537,7,1,4.0
Maybe It's Time,6jMbPsH6lTOLs5n8Af26AG,159293,55,798,699,282,123,981,-7,374,79,359,7,1,4.0
Me Enamoré de Ti,1sJFu2pvYJhtEOo9oVe1TZ,263666,67,747,521,566,0,244,-7,329,149,654,9,1,4.0
Me Gusta Así (Unplugged),7FgfiDwsRmhrzrecezDKa3,207245,27,665,0,113,0,115,-11,388,100,258,4,1,4.0
Me Olvide De Vivir,0kVOor973ijVqOBhYqvaE8,292573,67,716,0,272,387,278,-15,0,123,582,0,1,4.0
Me Quedo Contigo,4ExxGIv5BIDyJmsDNZhLxf,174913,33,744,516,301,133,106,-9,325,136,151,4,0,4.0
Me Voy a Morir de Tanto Amor,4gyM4s4ExrQReXT3M7A4mm,159453,36,0,113,73,0,105,-23,453,193,142,2,1,4.0
Melodie In F-Dur,6mtr0mucCGjdrKAgTixBIG,230000,5,934,178,149,104,129,-18,504,80,843,5,1,4.0
Memories,2b8fOow8UzyDFAE27YhOZM,189486,26,837,764,0,0,822,-7,546,91,575,11,1,4.0
Meravigliosa Creatura,22EXGziUGmpVCGwI9Ua9N5,183853,0,963,453,157,0,905,-13,598,86,351,1,1,4.0
Mercy,1dKm4a7TOYFzzTQvU59C59,219920,0,266,793,859,356,133,-3,332,129,964,0,1,4.0
Merry Christmas Baby - Remastered 2006,4eCE7kaSrhsyTNkiZw2KKY,155453,4,783,609,416,236,374,-9,581,98,545,10,1,3.0
Mi Amor Es Un Pecado,3bRMwnrmVNqhEEZcdhtMDx,206106,4,644,529,888,0,323,-4,819,155,346,2,0,4.0
Mi padre es un elfo (Anuncio El Corte Inglés. 2018),7IOfWlLpH93IBmtGecwgH1,64000,13,0,591,503,0,0,-7,375,120,586,0,1,5.0
Mi Pecado (with Maite Perroni),3EOiCMN4womrndzx9hO4g5,219266,10,412,587,488,0,129,-5,286,82,236,7,1,3.0
Miami Vice,1pGjY97YfekHky7WfZ6gY5,63640,0,975,494,821,0,0,-11,398,115,931,0,1,4.0
Midnight City,4kO7mrAPfqIrsKwUOK5BFx,243960,0,182,507,729,14,658,-5,393,105,272,11,0,4.0
Mision S.O.S.,30J3PK7hW8MwRobfQ8YToe,216346,10,173,778,795,0,588,-4,307,116,659,11,0,4.0
Mission Impossible,7vBovQzO1Vo1lQLL994Vr4,53880,24,646,583,411,858,165,-10,397,171,948,7,0,5.0
MMMBop,537J9bpVNqQxJkGmxNse7X,267933,0,625,685,923,305,816,-6,454,104,623,9,1,4.0
Modern Family Main Theme,3b8Dhzmkq4eTcGEr8NL3U1,83311,19,106,697,611,834,347,-11,426,115,801,5,1,4.0
Moi je joue,1YvAIf8NVPTlEwInU6mOBk,102666,0,0,652,742,52,323,-9,501,106,736,9,0,4.0
Moldavian Song - 'Life Is A Miracle' Original Soundtrack,4CoMdjTig524ZdazHA2R7H,186693,12,513,234,393,668,506,-7,293,172,0,0,0,3.0
Moon River(Vocal Audrey Hepburn),5iGleL7HpEThuuYQ3us2jh,125585,10,937,0,235,128,99,-19,345,133,155,5,1,5.0
Moral of the Story,69HzZ3ti9DLwb0GdWCGYSo,201016,76,593,569,403,449,102,-8,439,119,269,10,1,4.0
More Than This,6N7gPTru90HYLRUIVDQ185,270651,68,507,653,665,461,139,-7,25,128,755,6,1,4.0
Motherland,6Jrb8pp5YW6gjSAQsEYS0r,281973,43,824,639,128,971,105,-14,319,137,401,8,1,3.0
Move On,7vqMXG1nHHMnbGVu7hwqUg,225489,0,265,655,678,0,239,-5,526,81,661,6,0,4.0
Moving,4GmmUEm9e5jlZiZXalRpAk,199960,33,452,0,754,0,967,-7,138,149,558,2,1,4.0
Mr Lee,1rlDNuKLBKhF0XkDbSZ2Oq,130998,0,488,509,533,0,0,-9,361,200,902,5,1,4.0
Mr. Belvedere,4RBS50cvswgBDCNsOTBKKc,61960,12,732,586,426,0,824,-14,605,80,487,0,0,4.0
Mr. Rogers Theme,2HxFKRwdhXOz9snAD0o9Pl,73403,11,992,512,128,916,116,-20,532,80,417,0,1,4.0
Mr. Sandman,58DLhiqRDUnB6jBU0Gmrt4,144906,0,897,647,179,0,175,-15,556,108,552,9,1,4.0
Mundo De Caramelo,56bAsWnhSvtLJXkuu2w48l,230440,42,347,0,595,0,111,-4,546,173,694,3,1,3.0
Music To My Eyes,5IXk9TVBuxG87sFrwclBJw,199200,51,402,625,361,125,0,-9,319,114,298,2,1,3.0
Music To Watch Girls By / Slick - Remastered,5svy3A52UUiS6rk0ZhfgKO,372293,18,0,458,277,0,108,-15,36,170,472,3,1,4.0
My Head Is A Jungle - Radio Edit,3AUz2xcMnn1CDLDtFRCPeV,214520,0,407,726,718,266,0,-5,51,123,0,7,0,4.0
My Sharona,1HOMkjp0nHMaTnfAkslCQj,295400,71,589,586,0,125,318,-9,363,147,897,0,1,4.0
My Silver Lining,5BkNCuxzzid0gz9sx3NNbX,215493,64,26,479,725,129,209,-4,335,101,0,2,1,4.0
My Spirit Flies To You,6SOaWRjRhAERrBhrK9Ymp3,196306,24,415,594,731,285,589,-10,352,88,308,7,1,4.0
My Way,5IYCLY40rCE8HmMblcU2VJ,207253,15,284,489,771,961,215,-7,415,99,542,4,1,4.0
Nice Thick Feathers,6l8ct3GS6J9sVk7ecVVye8,206653,0,707,268,452,297,986,-9,333,136,0,0,0,4.0
Night Court,1QFROczUXzCZIDlXJXWatA,183106,0,347,741,0,647,704,-13,303,98,875,5,0,4.0
Niña Amada Mía,155jNGmWNRmzwnMqlHo9Ce,192040,43,741,549,356,253,998,-7,323,84,433,8,1,4.0
Nirvana,2vW8AUf3saGQxTchf7Jlo9,294200,38,313,642,565,447,129,-11,351,97,157,2,1,4.0
No puedo vivir sin ti - Versión Ikea,4baboKkDQ0CBpXm2c0r9aY,183871,32,0,0,147,0,205,-14,538,124,477,8,1,4.0
No Se Me Hace Fácil,0c6xdgPkihXqWFGx0CpVkU,225773,46,213,506,0,0,108,-6,394,145,0,4,1,4.0
No te puedo besar,4CJ9yzAmxMzzspKSN5AidD,224826,52,22,672,767,129,162,-9,429,151,804,1,1,4.0
Non. je ne regrette rien,0D4gIeyrMtxOAvCWsTHN9x,142280,46,858,382,354,311,168,-6,289,87,435,7,1,4.0
Nothing Else Matters,3ufhqwVfadHUJD7Y6OT9Zf,310760,19,993,314,602,564,0,-19,358,107,411,3,0,3.0
November Rain,5hkQfWlfNKpBHQFxuIpbWd,308457,24,573,726,195,304,923,-14,353,83,348,11,1,4.0
Nuestro Amor,7F7qwp7VZRVwZsNoddRRgX,215746,58,556,541,769,154,0,-6,339,129,382,4,1,4.0
Oh. Pretty Woman,39yWVJ9ENz4FB4v5mZffj4,176213,42,309,663,689,777,476,-6,0,126,947,9,1,4.0
Olly Murs - Dance With Me Tonight (Vocal Version),2pSSSjVhTbSxa5a9vbzWhK,206186,2,7,802,559,0,425,-8,179,82,791,2,1,4.0
On An Evening In Roma (Sott'er Celo De Roma) - Remastered 1998,2pSSSjVhTbSxa5a9vbzWhK,151533,46,927,472,217,181,352,-13,295,136,556,7,1,4.0
On Our Way,2cT0rywZk7Mz7xZEpjdZde,193853,0,777,582,787,0,182,-5,877,130,368,1,1,4.0
On Top Of The World,441ERAG5YrbD6rPwaAXnvV,189840,70,892,635,926,44,928,-5,0,100,771,0,1,4.0
One Man Band,7cA3PnUQDlUyBBwpRozQeo,186240,80,677,706,358,0,107,-8,347,75,478,6,1,4.0
Only Man,3rpqexW9fCCjEHUi9Hr5DO,200786,0,419,765,633,238,0,-3,842,103,788,11,1,4.0
Ooh La La,0m1X2Z06gbvJpBrxvznJhH,203906,0,122,478,0,464,135,-7,747,144,183,4,0,4.0
Orange Is The New Black - You've Got Time - Main Theme,1v5u1TCjFdZNJkFe6gbDq8,67748,24,389,374,355,108,238,-11,591,164,372,10,0,4.0
Our House,0zcJ8MaIrXrExhV8hTkFDB,205546,0,633,598,0,144,172,-4,479,121,774,0,1,4.0
Over the Rainbow,3TJjGMaiuDlw3fqNghvznv,211933,73,912,671,153,553,771,-13,404,85,658,0,1,4.0
Overload,3HHkKnJf9oAR7V5KzlxeZo,275920,0,107,735,942,165,151,-4,626,125,872,6,1,4.0
Pablo Y Andrea,1EDlyIYPNXUi5Zneo5rwfD,162080,7,268,667,804,193,704,-3,104,191,965,1,1,4.0
Pap Smear,2RuNFmIS9tzrEMRBeVFt5c,221093,0,12,0,844,17,339,-4,459,121,794,11,0,4.0
Papa Loves Mambo,0xOk7aRJlO3dUry6E0ffQp,157693,0,0,615,0,0,402,-8,567,82,0,0,1,4.0
Paper Planes,3ZlFUr0RBrUYYsmlcFvD0e,205200,0,33,447,848,746,0,-6,222,172,485,2,1,4.0
Para Siempre,0uyVgmoXDbwS1ubv8AurVZ,171000,64,818,728,283,257,905,-11,323,105,0,5,0,4.0
Paranoid - 2012 - Remaster,1Y373MqadDRtclJNdnUXVc,168405,75,452,412,658,774,176,-12,708,163,454,4,0,4.0
Parks and Recreation (Theme),7jCJSBq5WRrNv4ZaTQqKXq,33619,0,232,741,596,786,0,-12,36,120,977,0,1,4.0
Parlami d'amore Mariù,4DHuxeU2epE6OpXwSMWr9g,236287,51,854,285,154,261,395,-18,384,114,267,5,1,3.0
Party of Five Theme (Closer to Free),61i29yCHu7qlSYmsEbgVfq,189906,11,482,425,632,269,131,-11,328,97,894,7,1,4.0
Pasión,6iYoMGajYoR3QqER3ir3Ey,314275,41,0,487,437,343,137,-10,301,119,158,4,1,4.0
People Get Ready - Single Version,1MlXd4giftxXZgeMItb3PQ,157480,0,486,423,227,242,246,-15,414,143,0,1,1,3.0
Perfect,0tgVpDi06FyKpA1z0VMD4v,263400,86,163,599,448,0,106,-6,232,95,168,8,1,3.0
Perfect Symphony (Ed Sheeran & Andrea Bocelli),3zl7j5ua8mF4JDYuxrfo01,265363,65,586,544,417,0,85,-4,247,95,207,8,1,3.0
Pineapple Rag,7en2gZznJpAfHMtuEunX0S,210546,0,972,304,502,926,116,-12,349,173,765,10,1,4.0
Pink Panther Theme,1QPRmX2e3EZWskuOe5QqxM,161600,52,522,596,756,0,917,-15,361,115,178,0,1,4.0
Played-A-Live (The Bongo Song) - Radio Cut,1rO33CgChvZF3j5LFVUOeD,194533,0,719,594,996,0,963,-7,632,138,328,8,0,4.0
Por Amarte (Tema De La Telenovela Destilando Amor),0OPeLDiWJkq5zXKLfoPzsv,229219,33,265,518,364,445,326,-8,288,127,337,4,0,3.0
Por un Beso,796ep4WrbI6vbiqXnJgsQM,301693,20,385,502,455,142,493,-7,337,92,542,7,0,4.0
Porcelain,6EXi6ZqTITKGtVBKqbphjL,241160,70,133,551,628,188,282,-7,294,95,336,0,0,4.0
POWER,2RUFzxyUlI36KKy9Agkqze,292093,0,193,539,907,0,825,-4,0,154,553,0,0,4.0
Prince Igor,2LztWxB6LAJGcelKFhqJpu,260173,42,116,596,0,0,118,-6,346,167,711,6,0,4.0
Private Eyes,6MT2voYmjlstKrGgE0q3Mg,217200,32,437,852,926,395,953,-7,431,120,841,9,0,4.0
Psychedelic Sally,46JhMtlZc76OmkmtEEYr6j,168373,0,429,531,485,287,307,-14,595,126,886,3,1,4.0
Pumpin Blood,4kZmhB5y9WrmnhWr66A7mF,209485,35,469,618,848,522,189,-4,279,119,413,7,1,4.0
Punky Brewster Theme (TV Version),4xBia1x6lwaWUP7VD1erju,84813,23,446,0,388,0,623,-9,373,103,728,3,1,4.0
Quando m'en vo from La bohème,2FR6XOnFXf5MQLqO1VoKAe,152173,9,986,0,113,617,508,-19,446,105,606,9,1,4.0
Que Seas Feliz,6AOt2y4PzYgiUapxCIrbfV,185773,56,425,239,415,0,124,-6,314,204,443,7,1,4.0
Que Sera. Sera (Whatever Will Be. Will Be),0CozDlSNCJObj8Jqeq71sh,129253,0,883,417,0,0,286,-9,375,175,699,9,1,4.0
Qué Voy a Hacer Con Mi Amor,2H2Tg24kqd1eA3F7BSQFSi,245133,52,378,537,457,127,169,-8,406,165,499,1,1,4.0
Quelqu'un m'a dit,6w9Pf2VV4kZNcExAjcG2hw,166226,59,0,565,412,158,114,-10,49,133,409,10,1,3.0
Quiet Town,5B6bSSnk7Wr4Fnb4ohNzry,151973,0,226,602,491,398,118,-11,308,113,871,7,1,4.0
Quisiera,1XDsjhMHi3jwEWmwTHQPWl,244600,38,799,447,499,0,169,-7,367,76,244,9,1,4.0
Raiders March,5duZVZ4m1TaJDTCbeHG8TG,305640,52,0,422,351,904,784,-13,352,132,168,0,1,4.0
Raindrops Keep Falling On My Head (Re-Recorded),08sBAbzNpjSTWd6zksmTga,181546,0,684,449,584,999,109,-6,442,104,764,5,1,4.0
Rama Lama Ding Dong,3F0X8VRz2K1cKyc87uiT6W,143320,0,374,545,648,0,34,-8,595,126,897,1,1,4.0
Rapper's Delight,6pxXNGfymt03wkLEgMB6mt,239466,0,76,912,836,322,285,-7,231,111,724,2,1,4.0
Rawhide,7H0v2IlaW80X3tHnwcz9jW,53506,11,885,179,538,0,441,-13,552,205,663,5,0,4.0
Reach Out,0qvEPNkSMo0Uhdtm564aN8,254786,20,384,642,0,0,402,-4,118,130,739,6,0,4.0
Real Wild Child (Wild One),4blsgJTKfFehcYdPvPkNoM,218400,0,182,566,926,122,281,-7,327,146,963,4,1,4.0
Rebelde,56tOMi4N980gmsdUoyaLb3,214306,57,122,671,782,0,525,-6,47,95,0,7,1,4.0
Renegades,46GGxd8TVRt6FjUBfCavVT,195199,0,127,514,858,528,251,-6,896,89,0,2,1,4.0
Rescue Me - Single Version,386w3hKRsnwVB8viGZIIqf,172640,0,701,697,716,158,0,-3,352,122,944,4,0,4.0
Roadrunner,7EhuJizKCqWvTphUy7TOHX,246440,35,505,462,0,647,893,-6,346,75,805,2,1,4.0
Roller Coaster - Remastered,5EDqYsAoHank8cd5bIEH8C,173493,9,842,321,345,0,947,-14,416,148,624,0,1,4.0
Roseanne (Main Theme),6fTfgzQ2kHkcFrujrSsPGx,230173,11,276,601,608,488,313,-5,258,98,491,5,1,3.0
Rosyln,4k7x3QKrc3h3U0Viqk0uop,289560,74,971,329,277,24,971,-13,302,159,121,10,0,3.0
Rumble And Sway,5aagC9VbZrcwYUZDhgC8Ej,185533,40,106,645,821,538,137,-4,248,79,682,1,1,4.0
Run (I'm a Natural Disaster),3b41uzbEK5QDlqsoOCufag,160226,38,76,494,913,0,0,-3,122,149,558,4,1,4.0
Runaround Sue,4yrrojYyzlXX2Etuue90lb,173691,5,361,456,497,0,609,-13,868,158,659,2,1,4.0
Sal De Mi Piel,4SKqihhY4UhbaaF73LgZxW,206440,24,644,459,694,0,197,-5,281,167,0,4,1,4.0
Saturday Night - Nite Mix,2ndRNIW8KTXwGfCu4CkV3X,329000,0,524,721,838,304,815,-11,375,130,966,6,1,4.0
Save Tonight,1t2Hq2WIBcZINOEnK6mdJG,239226,66,924,547,693,546,113,-8,353,119,583,0,1,4.0
Save Your Love,0KUMBsKhU0LDCYHtSiaRgA,191012,0,225,0,0,0,153,-14,375,119,792,0,1,3.0
Save Your Tears,5QO79kh1waicV47BqGRL3g,215626,85,212,679,825,121,543,-5,309,118,644,0,1,4.0
Saved by the Bell,4FfjNhtXk3ZnuoRLP1v0la,65373,28,227,469,828,0,802,-6,365,157,968,6,0,4.0
Scooby Doo,2I2mAlmiV1vSEuKCCObRBy,63242,30,505,755,0,0,743,-11,484,136,0,9,1,4.0
Scott Street,6Uwi2Qk3H7fM4b4W4ExrAp,305000,74,0,508,417,928,887,-9,296,134,483,10,1,4.0
Scrubs,5xyVGdXmKxvcwXDegFj0RV,222000,14,0,577,535,422,179,-7,296,161,0,6,1,4.0
Se acabó,7pIfwKV8EOPmJlConSHk2E,182466,50,0,454,902,697,157,-4,162,168,786,7,1,4.0
Search for the Hero,2e7mdvtdepwNHdEd0Y88My,249506,46,425,637,727,111,537,-8,394,100,868,3,1,4.0
Seinfeld,7oDuL0UHvWVDjVW5i5b9LJ,52373,0,82,0,917,853,439,-6,514,110,961,6,0,3.0
Semi-Charmed Life - 2006 Remaster,52y59AQ0HkwcxSnYrfnv5Q,268640,38,622,632,894,0,328,-5,317,102,718,7,1,4.0
Sesame Street,69GiYuwWI1f4OmQJraEnzi,104000,9,355,653,677,224,187,-7,558,130,778,0,1,4.0
Sex & the City (Main Theme),68JOC3cTuGrTtOSvz9WdKm,37573,10,804,655,688,0,122,-7,123,164,896,9,1,4.0
Sex Machine - Pt. 1 & 2,6m7b429RNZjDFq0JC88FJh,715026,0,181,678,0,383,347,-5,901,106,605,0,1,4.0
Sh-Boom,0j7BUqZXAt9FqrW3fZ0Y15,165546,0,855,642,493,0,333,-4,448,129,597,2,0,4.0
Shake You Down,6AyURVQJn9o8qwiYvE37nG,244373,0,0,783,391,0,0,-13,283,94,807,11,0,4.0
Shallow - Radio Edit,6QfS2wq5sSC1xAJCQsTSlj,217212,68,416,575,0,0,872,-6,31,95,276,7,1,4.0
Shameless Theme Song (The Luck You Got),0x25kihwSk5WyynJNWfdIe,70635,15,259,491,917,0,404,-6,135,139,625,7,1,4.0
She,31Tp5iKrVUayn65qhg06nE,187720,64,427,333,0,188,0,-12,32,130,276,1,1,4.0
She Drives Me Crazy,0Zt9fqRK58Y0onY1VwaKp7,218906,0,164,796,693,177,408,-6,413,108,954,2,1,4.0
She Will Be Loved - Radio Mix,4llK75pXNWZz6KAho2Gp16,259453,81,228,651,663,0,994,-5,281,102,465,0,0,4.0
She Will Have Her Way,3YB1u1iv3rzzdwBqHXqoWp,236400,0,131,388,685,465,338,-9,283,177,657,1,1,4.0
She's a Maniac (feat. Jesse McDade),4bNuGUpkG2sLef7jUGmfPL,257097,15,179,602,0,0,0,-16,316,157,632,6,1,4.0
She's Always a Woman,7sUv9X87w0Lpo8m8qvcL7b,200200,1,823,296,287,108,115,-12,348,174,0,3,1,3.0
She's So Lovely,7EBt4nrQflTtyqbrSWvK5E,223813,0,673,494,859,0,468,-3,669,167,634,0,1,4.0
Sherlock Main Theme,5y8co9DmLOhlFYYx37oIAL,97781,23,23,416,509,929,112,-11,269,92,398,2,1,3.0
Shiny Happy People,4er8NyQ8cFnZ2b643Tjc44,224800,0,361,491,0,126,184,-5,308,124,814,9,1,4.0
Shout To The Top - Full Version,7Dk4MB4fPQKHFT2SJcRLrD,257426,0,522,705,949,158,534,-6,896,143,909,7,1,4.0
Si Me Besas,7xsYgGd2BRk56uO3njXUWi,190230,27,399,664,852,0,139,-3,292,121,826,4,0,4.0
Si tú no vuelves,7C5l5hLxS4uZX1VJR13ZBT,278293,52,355,0,509,963,117,-6,332,121,133,6,1,4.0
Si Tú Quisieras - 2010 Remastered,4mYeVkWMIIgYPSNa6UrGIh,243386,36,665,469,444,0,305,-6,287,140,128,2,1,4.0
Sigue Sin Mí,1fo0j61NKGJ3WT89TrjQzq,241866,47,389,347,509,174,115,-5,338,74,768,11,1,4.0
Silver Spoons,7MV3TCcTUyQ7RwwR748yXU,124386,11,297,532,689,0,0,-6,312,141,468,2,1,4.0
Sinnerman,3EIidirnGCYto1KtcNfttt,622000,0,636,436,529,122,849,-13,103,147,685,11,0,4.0
Six Feet Under,6DWHFIZ0HGKRGhBU3TKeN3,94300,0,895,547,311,954,184,-12,428,110,227,8,1,4.0
Slipping Away,0AePV8pWe0Nig8hDs8EGot,219306,47,123,588,703,159,276,-7,293,117,634,11,0,4.0
Solo quiero bailar,0HTyWmZkeC8nlGsPhmYt3I,184333,47,128,659,891,0,999,-3,259,138,583,7,0,4.0
Some Nights,67WTwafOMgegV6ABnBQxcE,277040,67,178,672,738,675,927,-7,506,107,392,0,1,4.0
Someone Like You,3bNv3VuUOKgrf5hu3YcuRo,285240,82,893,556,319,0,996,-8,281,135,294,9,1,4.0
Somethin' Stupid,4kSKacywUJHdhyst4PL6pl,170493,65,429,654,515,562,174,-12,261,106,677,0,1,4.0
Song 2,4F64QXRV1EGHSm5jIeMmcQ,121306,0,211,658,726,229,922,-7,856,129,874,8,1,4.0
Song Away - Radio Edit,1xZEvqAg13XkQqd4BM8LNc,189453,7,137,539,795,0,171,-3,334,132,879,6,1,4.0
Song For Orphans,4V1TOoANnpTNEXaDH95MKe,373200,34,308,432,764,585,361,-6,288,141,573,5,1,4.0
Sons Of Anarchy-Main Title Theme,5NX1qFn7sFCp1HgXgQLSzz,138750,18,42,0,662,0,125,-6,287,79,333,11,1,4.0
South Park Theme,6jfeN7ag7jFZ1gba4LRVXs,30614,41,4,616,903,961,0,-5,839,72,0,1,1,4.0
Space Song,7H0ya83CMmgFcOhw0UB6ow,320466,77,229,508,792,124,145,-7,297,147,601,0,0,4.0
Spaceman,0uQcP7QVoLvaFsORsdrgNh,242493,47,161,0,873,427,255,-7,602,146,485,0,1,4.0
Sparks,7D0RhFcb3CrfPuTJ0obrod,227093,85,748,371,268,517,104,-10,281,102,165,1,1,3.0
SpongeBob Square Pants,3abyOCh6YrxvVUlPBzAh3C,41000,7,877,664,0,0,0,-5,231,119,852,7,1,4.0
Stand by Me (Live),5yKNC2hLvDSv5eJ9vuZfsP,364253,0,421,701,418,106,725,-9,368,109,648,0,1,4.0
Star Trek,7a9UUo3zfID7Ik2fTQjRLi,144000,9,694,0,672,705,897,-7,0,154,135,0,1,4.0
Stay,1Fe4nwwkPniv6nw7MlXCE3,96480,24,822,524,792,0,339,-6,517,123,817,8,0,4.0
Stepping Stones - Remastered,4BxxdcX37bedK4RnJDPtzA,321733,29,839,578,823,879,472,-11,109,144,775,5,0,4.0
Sticks and Stones - 2007 Remaster,3QeUDEbQFQcv7GXPVfpxyj,143040,0,345,577,848,114,35,-5,234,87,922,2,1,4.0
Stranger Things,7z9AOGR6nZlvybNKDj6sDv,50714,42,718,395,607,943,131,-14,35,167,0,0,1,4.0
Strict Machine,55RLKc7yK5JlcxGJpabRIi,231453,0,248,634,0,0,112,-7,294,126,0,6,1,4.0
Stuck In The Middle With You,6pNVhq4m3S9iNRxpwmVQZm,203000,49,536,744,616,507,139,-8,351,124,961,7,1,4.0
Sugar. Sugar,4GAI8BxeMgrvhZNEU59UfR,169626,56,757,757,647,308,972,-10,299,122,0,2,1,4.0
Summercat,1G5JaDf4CTkyoLRAO0pAYH,182360,50,392,721,714,0,919,-8,395,95,819,4,1,4.0
Sunday Morning,22kUL4iSFkReT2kFUd2ycy,176133,0,173,493,424,126,922,-13,299,105,507,5,0,4.0
Sunny,2JdM4xPoCuHrMzOGQrMUBj,165066,0,0,714,338,644,389,-10,456,128,667,4,0,4.0
Sunshine,0ZO7c5TPbWmdXMYcNgyAK6,199252,25,824,459,0,0,929,-3,0,115,638,7,0,4.0
"Superman (Main ""Scrubs"")",6druWME0we0unMdSpHXjZf,122173,10,353,468,757,418,968,-4,279,80,622,6,1,4.0
Supersexy Girl,1ArfDNJVfisvAaowOCkpVc,232280,22,507,644,799,0,197,-6,459,112,782,0,0,4.0
Surfin' Bird,38bIZtMEER5k7Iuzvq0IxS,141760,0,109,579,937,708,348,-13,481,99,814,11,1,4.0
Surfin' U.S.A. - 2001 Digital Remaster,6bQ7N7EE3MxvDivQlPiEkx,149333,0,363,531,806,102,996,-7,405,159,955,8,1,4.0
Suspicious Minds,1H5IfYyIIAlgDX8zguUzns,261279,73,422,487,382,474,411,-10,309,116,714,7,1,4.0
Sweat (A La La La La Long),1SssFw74DdHVjRa6ADggdD,227067,8,124,787,728,0,157,-7,218,173,0,0,1,4.0
Sweet,6ilc4vQcwMPlvAHFfsTGng,292110,80,351,449,0,761,139,-9,278,96,115,6,1,4.0
Sweet Georgia Brown,66eScMUvlQZoFlHyDb0P2a,172120,33,294,804,335,216,898,-11,0,81,854,3,1,4.0
Tainted Love,0cGG2EouYCEEC3xfa0tDFV,153800,81,462,0,501,0,0,-8,376,144,623,0,0,4.0
Take Care,4Z4MDDYaQhQv7fyhhtBdxP,184373,49,846,868,435,393,706,-9,719,121,754,9,0,4.0
Take Five,1YQWosTIljIvxAgHWTp7KP,324133,68,539,454,0,78,675,-13,401,174,598,8,0,5.0
Take Me Out,7kw6yVmdZGuRcWGi4adXYT,239026,0,458,273,665,893,117,-8,382,104,514,9,1,4.0
Take on Me,4GkELkyI3VJstSugqnP39K,193280,48,866,708,288,525,133,-11,332,119,433,11,1,4.0
Taki Rari - 1999 Digital Remaster,4uhCDJ4wnXfDFuewwNQ80j,111440,14,714,596,0,14,196,-10,853,108,812,10,1,4.0
Taxi,7sKUZMiGkfxOUogEdTsOBf,65706,0,902,763,135,558,123,-19,395,130,451,0,0,4.0
Teach Me Tiger,0w5pPZGAIQfEvXxjUlmsbk,143063,5,762,545,199,37,185,-16,495,116,527,10,1,4.0
Teardrop,67Hna13dNDkZvBpTXRIaOJ,330773,70,173,615,419,497,135,-8,395,77,216,11,0,4.0
Technologic,1iNeZGJsoC0D7ZyJTdIbDS,284280,54,369,812,516,109,991,-6,224,127,633,9,1,4.0
Temblando,5oHH3wAhMt2McYsA6bBKMw,190080,53,816,419,157,55,126,-13,398,175,227,9,1,3.0
Tender,42cxPm9jgbaxIVN77XA1m6,461946,58,469,587,566,0,644,-9,276,76,528,9,1,4.0
That 70's Show (Out in the Street),1qx1VXOn7Sl7yjG2vrVaDX,81310,15,168,466,749,0,103,-5,376,140,813,9,1,4.0
That's the Way (I Like It),2lYe3AhO4dJhBMsvk9uBkw,306146,40,125,661,928,275,345,-6,441,108,852,5,0,4.0
"The ""A Summer Place""",2ygUiLKfwY52pjFbRbpEEZ,139573,35,827,346,393,974,622,-10,295,185,781,5,1,3.0
"The ""In"" Crowd - 1965/Live At Bohemian Caverns. D.C.",4Jt6K1jRtnN7Xz0XAr4voA,351160,0,514,665,779,738,0,-10,943,143,634,7,1,4.0
The A-Team,4zArTD7GOmtTA7Q2eysQVj,161493,0,0,648,458,877,366,-8,367,123,673,5,1,4.0
The Addams Family,7sNKbY96LI2gJ3GBBf2sA5,121997,0,361,637,456,928,226,-15,408,114,492,2,1,4.0
The Ballad of Jed Clampett (the Beverly Hillbillies),5uLaYArTFApylFnCuKjFg3,125997,0,499,515,417,255,381,-17,338,137,965,9,1,4.0
The Ballroom Blitz,6N009Ux12RwA86twRdpq6s,241786,36,217,622,755,491,48,-10,682,108,849,4,0,4.0
The Batman,1NkI8DtCnjcWVCVLF0gB71,407533,54,0,209,152,903,103,-16,324,80,482,10,0,4.0
The Beat Goes On - Live,3oelmz40E0u6IIhw3UVA8e,281666,0,148,426,733,275,709,-9,433,158,729,9,0,4.0
The Benny Hill Show,2SN74Xf7hZdYC7YADdvoCg,64760,0,329,733,825,895,299,-5,488,126,967,8,1,4.0
The Best,7gP0iSDthTnTTxD3uUDRTA,330253,0,109,655,871,475,962,-5,316,103,711,0,1,4.0
The Bill Cosby Show (Main Theme),0YQgJxpkczzL1I5DmpDNxN,100160,14,418,721,807,807,308,-4,709,95,559,0,0,4.0
The Blue Planet,1HyLRvrwqChIybFqycgu3M,193055,31,63,824,393,0,316,-11,349,83,384,4,0,5.0
The Child In Us,6bl2cA03RSC3uodBpq66Jt,306066,54,0,488,708,272,222,-11,407,90,431,9,1,4.0
The Cosby Show,5BpP0fZMWDImIg1AWDC6eq,59160,16,926,773,524,403,117,-9,237,104,709,10,0,4.0
The Dukes Of Hazzard,67i89kDhAOYogOA1aycgAZ,62800,29,0,704,665,232,231,-10,358,143,0,5,1,4.0
The Entertainer,6NEuDyXElH9JEg4VfZa7P6,223554,1,944,462,576,909,66,-8,65,169,823,2,0,4.0
The Facts of Life,4XgOrglL4AcTkoSY3dUb36,53880,0,657,525,596,379,463,-4,403,139,921,5,1,4.0
The Family Feud - Game Show Theme,1Un0WkIwUupaNvrPbeIT5X,103580,18,317,547,925,719,192,-7,286,133,904,0,1,4.0
The Fresh Prince of Bel-Air,3HssFXLanogUOMvOvlFkam,175693,37,334,829,692,217,456,-7,102,101,877,10,0,4.0
The Gambler,5KqldkCunQ2rWxruMEtGh0,214880,75,342,668,501,0,194,-13,629,87,858,4,1,4.0
The Godfather Waltz (Main Title),3WoSJF85H0qywD4qLp4HDd,185466,49,974,213,107,879,778,-19,392,62,113,0,0,4.0
The Golden Age,15wE15xVD53LRd7dgjCZnJ,230360,0,134,579,914,731,188,-2,545,169,0,10,1,4.0
The Golden Girls,37kffNQTlljadLuQQZW95a,42906,0,433,745,514,0,823,-10,394,110,813,7,1,4.0
The Great Escape (Main Title),6R1ZwMtCBuqJyXcqVUSNBF,129520,25,947,649,331,756,333,-12,586,118,881,7,0,4.0
The Imperial March (Darth Vader's Theme),2bw4WgXyXP90hIex7ur58y,179573,58,753,577,379,955,126,-13,368,103,284,7,0,4.0
The Impossible Dream,5Z0fxoqx4Zw9RjDhRHYzDC,156226,38,879,131,395,764,119,-7,326,182,289,10,1,3.0
"The James Bond Dr. No"")",589AelScFm0FYQ4VG1biJi,173093,49,366,437,567,846,175,-12,386,130,326,11,1,4.0
The Jeffersons,6qNotwv0H09vFwSNOU1ace,132562,14,408,735,646,0,0,-6,211,91,892,0,1,4.0
The Jetsons,4tr7Vx07a4r8hSXeaIethl,102905,0,0,382,623,404,358,-12,846,79,0,8,0,4.0
The Joker,1bp2IO61zbQrbWNmKKxg3f,264503,75,365,596,448,53,206,-9,396,83,796,5,1,4.0
The Little Rascals (Good Old Days),3KoW2uZx7PCWNU2kVr0aeH,59437,0,968,331,447,905,129,-13,482,129,409,7,1,1.0
The Love Boat,6MUnNmSPHUbEhfaPdO7Xfi,99013,0,285,458,521,355,695,-8,337,115,545,8,1,4.0
The Munsters,142ILApxXmT75qNCQiuj32,47545,0,211,521,0,194,141,-13,672,157,771,2,1,4.0
"The Naked Gun - the Motion Picture and ""Police Squad"" TV Series (Ira Newborn)",6ANCOgMVmdMv4fbOQGQa3h,119075,0,576,542,511,63,109,-6,354,123,518,3,1,4.0
The Night Chicago Died (Re-Recorded / Remastered),2Ya1I4jLdTETDuKmz1t253,201866,2,406,684,822,65,575,-4,107,106,688,0,1,4.0
The Night We Met,3hRV0jL3vUpRrcy398teAU,208211,90,968,448,369,272,638,-9,452,174,998,9,1,3.0
The Office Theme,3zFFJe0XOq3ZhixcGgrviN,64557,8,363,362,668,988,179,-9,29,170,467,7,1,3.0
The Painter,1I7dV8H242D902gR3UUhN6,210093,28,996,582,874,0,194,-5,469,125,588,6,0,4.0
The Passenger,15BQ7vEDv2LJuh8TxWIhtd,283360,71,937,498,889,162,734,-5,544,134,696,0,1,4.0
The Price Is Right - Game Show Theme,0juPSJLFnLFim7BK6VzTes,66584,28,376,532,669,828,315,-8,358,115,925,8,1,4.0
The Simpsons,7CD8O3gZ5NB7jkfO5cv0WD,82866,0,802,341,508,303,44,-10,128,171,241,5,1,4.0
The Smurfs,1nvMHZBnz3PgyxAKEkHxX8,63693,24,527,648,0,0,221,-8,532,114,855,0,1,4.0
The Sun the Trees,3kQ999NtMLnbafY70Yq1KR,174653,22,517,577,906,2,345,-4,333,128,825,7,1,4.0
The Three Stooges,3QPogUWetDLyU2kYmM3lEa,63533,0,815,579,205,341,185,-13,586,148,927,4,1,4.0
The Twilight Zone,3wxy4wpLTdDktnlOcotayY,58319,0,981,503,108,719,72,-20,678,126,362,8,0,4.0
The Vikings - Main Theme - If I Had A Heart,768xU9RhTcS2lCMNz19TIl,228990,18,893,508,232,0,109,-23,313,169,334,9,0,4.0
The Walking Dead,0hp2zUT5z3QuEsG8PfYDG0,47500,7,882,0,336,295,934,-13,467,126,236,7,0,5.0
The Walking Dumb (Ways to Die) [feat. Laura Curtis],5kbXe9So8FnTNe1PfocIyI,181037,8,408,693,374,0,986,-9,377,127,464,0,1,4.0
The Wanderer,0tk8p69r1Ed2OuqiXxHdAQ,155586,0,535,577,463,277,426,-12,48,115,843,2,1,4.0
The Weight,182gohJsOw44Tr5hfBNtjG,276093,0,228,0,371,505,798,-16,532,144,462,9,1,4.0
The Winner Takes It All,2GViQ70Qunna09ZLUFcwdB,211720,59,876,679,155,0,122,-12,419,114,361,2,1,4.0
These Boots Are Made For Walkin',5kS29U9Hb8Ow2jGXEnedCi,163253,0,435,734,463,147,171,-9,83,82,405,9,1,4.0
This Head I Hold,74reD6Vha9tSy1ReFmyW40,175773,0,268,663,873,108,261,-4,328,162,962,0,1,4.0
This Is The Life,5RfndPd7aG3Mazneoy9t8q,184413,0,259,628,882,0,65,-5,323,95,853,1,0,4.0
Those Were The Days (All In The Family Theme),4wt2HWOhegHIqwE2ulfVWk,57519,7,959,566,156,0,566,-11,763,121,0,4,1,3.0
TiK ToK,3fVSUMkxJAQsEm3e3yXHAX,200040,0,85,0,847,0,321,-2,168,120,0,2,0,4.0
Tired,6MFsT6EQiCoYDuXsIqIdUn,258853,0,181,801,663,547,945,-6,486,96,552,11,1,4.0
Todo se transforma,4YEU9N2XAE0DfUwxWI5ijA,217146,61,199,761,488,236,864,-7,43,100,682,9,1,4.0
Toque de queda (feat. Leonor Watling),5zFd5IZqmyJiTr5Zu1en2k,215240,26,759,473,175,23,106,-16,594,105,305,9,1,4.0
Toss A Coin To Your Witcher - Solo Piano Version,2ITcTvOeKgwLGjmmZrpdCW,199355,33,0,345,198,886,954,-15,524,202,191,8,1,4.0
Train,5COxxqzvyt8LeXn7NedyjW,203666,34,179,508,778,0,158,-9,33,103,745,7,1,4.0
traitor,5CZ40GBx1sQ9agT82CLQCT,229226,84,691,0,339,0,0,-7,338,100,849,3,1,4.0
True Blood,4qdYM94BW6UIj0SHZ2XJba,91750,9,251,651,608,191,411,-7,382,130,715,4,0,4.0
Try,4L9nYBHeCfbu5fNAxZy1Qg,239920,19,912,768,216,376,112,-21,149,83,386,4,0,4.0
Tu si a fine do' munno,0ZI9cTwtcaYeVcFjwT51ow,180402,61,444,758,855,0,727,-5,618,89,666,8,1,4.0
Tubthumping,22HYEJveCvykVDHDiEEmjZ,278778,68,128,348,0,0,357,-7,978,101,606,2,1,4.0
"Turandot. Act III: ""Nessun dorma""",2lCfGYIohj59T16xiJTEw7,173266,25,873,164,298,329,137,-8,354,77,136,2,1,4.0
Turn On. Tune In. Cop Out,6FWflzmR1281nmXHYjXVPP,262800,0,232,788,0,677,991,-7,373,120,0,10,0,4.0
Turn On. Tune In. Cop Out - Radio Edit,2SC4TS2QvUcKvXRFGgyyDc,264093,52,211,0,763,971,931,-8,366,119,967,10,0,4.0
Twin Peaks,00P7ILxXpR8AcP28bWV1a6,247537,0,902,0,145,922,906,-15,375,143,104,5,1,4.0
Two Princes,4ePP9So5xRzspjLFVVbj90,256733,70,162,543,912,21,565,-10,601,103,836,7,1,4.0
Una vez más,461A3PODHdS9RNMWmloYxD,323555,0,772,343,0,118,108,-14,297,84,0,7,1,4.0
Unbelievable,1FneEQoaS41dMjX76qAVL3,209813,0,341,637,849,386,141,-6,362,104,936,1,1,4.0
Unchained Melody,2qhASBzpbFhPRtrnZ5lLnz,218013,76,396,339,208,519,0,-16,308,98,288,0,1,3.0
Under Pressure - Remastered 2011,11IzgLRXV7Cgek3tEgGgjw,248440,72,422,671,711,0,104,-7,478,113,466,2,1,4.0
Underwater Love,1vahbgf2hkAjBvYRtIo09F,406000,54,812,685,626,346,91,-7,204,81,521,6,1,4.0
Unwritten,6P6ghbY8wMLdMaXb1AuCWr,255000,0,398,752,794,0,513,-5,588,99,0,7,0,4.0
Ven A Soñar Bailar Cantar,5X5JYuiBch84uFSft4x5LP,195520,0,677,514,0,37,861,-9,552,136,826,7,1,4.0
Verano,4KjUfy0Ll5vQpZJKOrIW41,229426,20,789,591,774,0,135,-6,365,129,597,5,1,4.0
Vertigo - Radio Edit,0FLfPLKtR5ACfEwJqN9w2k,190866,0,14,417,836,213,209,-3,569,140,664,9,1,4.0
Vestida De Nit,0lMd8MhLRcbKwSjYT26LEV,348519,0,885,208,285,901,889,-6,343,76,0,4,1,3.0
Via con me,2P2rhs7AtvqUzerhAZDbNu,166546,67,724,663,479,281,135,-16,155,164,714,5,1,4.0
Vida Loca,4w9o81y0dXFKgraEwfEgTz,194480,60,866,429,328,5,983,-10,603,68,262,1,0,4.0
Video Killed The Radio Star,77z7uyqzErfQvre6x9fZD8,205386,36,203,756,819,173,178,-9,906,131,386,1,1,4.0
Viva La Vida,1mea3bSkSGXuIRvnydlB5b,242373,89,954,486,617,323,109,-7,287,138,417,5,0,4.0
Vivan los Niños,3HEhV5OMLIKp3BLysf0Lyv,191813,11,302,671,786,0,122,-9,421,139,929,1,1,4.0
Víveme,376zCxYCHr7rSFBdz41QyE,236613,69,186,578,524,0,126,-4,322,135,196,7,1,4.0
Vivir - Any Better,4iygID6PWnRGNk9pqBpHE6,184000,48,102,687,796,0,312,-3,346,110,833,3,1,4.0
Vuélvete La Luna,6cluU5LJjGO9mEE9TGdwv9,208013,29,529,533,512,0,277,-6,366,139,178,7,0,4.0
Wait Here,46s0XjMwCmW6RzxDHyat8h,177573,12,735,536,924,0,169,-6,0,126,511,2,1,4.0
Walk on the Wild Side,0EFEkt29P7Icr7dO4vN6yk,253960,0,652,564,262,204,896,-19,105,104,376,0,1,4.0
Walkin' On The Sun,6DesZz4jaos1vuHCf0By7N,206226,0,419,741,974,0,141,-5,315,123,966,6,1,4.0
Walking Away - Tocadisco Rmx,4LPhs06xSlNwIEAP1Q10dk,418440,0,425,0,534,887,598,-8,466,127,392,5,0,4.0
Walking On Sunshine,05wIrZSwuaVWhcv5FfqeH0,238733,78,119,597,0,166,678,-11,371,109,944,10,1,4.0
War,3yCRbRnRraIpWzWTOZDyX9,203373,0,485,598,816,0,225,-7,169,109,717,1,1,4.0
Way down We Go,0y1QJc3SJVPKJ1OvFmFqe6,213706,84,579,489,505,333,104,-8,117,163,337,10,0,4.0
We Are Blessed,4xK4dHZtGcdprnAJC5L9KN,281261,0,728,581,535,0,133,-7,387,120,381,2,1,4.0
We Are Young (feat. Janelle Monáe),3ehrxAhYms24KLPG8FZe0W,250626,52,0,378,638,766,849,-5,75,184,735,10,1,4.0
We No Speak Americano - Original Mix,7GsIXDHgzTTYcxASbu873s,269800,0,311,866,693,299,969,-4,505,124,474,3,0,4.0
We've Got The Whole World In Our Hands,2pS6zWWQCpO0IVEBIbzJh8,207800,0,994,473,727,0,817,-11,807,133,314,9,1,4.0
Welcome Back (Welcome Back. Kotter),2sw8teIvVMRZKKYD5p795f,170893,42,412,745,373,888,158,-13,325,111,904,4,0,4.0
What The World Needs Now Is Love - Remastered,5td7WsBur5opModo1lB1X3,187200,38,861,444,389,0,113,-9,291,105,427,1,1,4.0
"What Was I Made For? [From The Motion Picture ""Barbie""]",6wf7Yu7cxBSPrRlWeSeK0Q,222369,87,953,391,84,0,983,-17,317,79,111,0,1,4.0
Whatever,395QkUxlE6IAmmbLtmeyci,380186,0,146,288,891,518,598,-2,338,93,313,7,1,4.0
Whatever You Want,2kUzt5LsTUR0ggquP7O3eN,243546,61,772,0,705,259,264,-6,498,122,501,2,1,4.0
when the party's over,43zdsphuZLzwA9k4DJhU0I,196077,83,978,367,111,397,897,-14,972,82,198,4,1,4.0
When You're Smiling (Bonus Track),0NdyJaHANZf5x0BONp3Bij,130153,27,464,479,0,852,203,-8,745,199,0,0,1,4.0
Where Do We Go,2Bfy9lip6p2i6VYO1VgjWc,168600,0,699,754,406,5,979,-7,406,126,756,4,0,4.0
Where Is My Mind?,5BP0oaQ1VhuaznT77CBXQp,231666,0,177,508,597,856,91,-8,396,81,185,4,1,4.0
Who Can It Be Now?,5cOM0fTHceCkJVwuyHdMnk,200493,49,353,816,791,345,0,-4,372,128,963,4,1,4.0
Who Let The Dogs Out,1H5tvpoApNDxvxDexoaAUo,198400,66,605,869,887,0,148,-4,992,129,784,0,1,4.0
Who's the Boss,6sdDwGslFYqWVtQ2vRrTDg,62960,18,429,584,438,0,223,-8,297,160,791,2,1,4.0
Why Can't We Be Friends,6PVJFuMAKIL1fnvW9iTCg9,286240,0,154,475,871,0,306,-7,599,101,722,8,1,4.0
Wicked Game,390AWnOn2rfe9FzQjYmxIH,286880,1,744,667,548,122,946,-7,262,112,0,9,1,4.0
With A Little Help From My Friends,0YZ3J8xzGwLOg4yEgST1YK,312173,63,288,307,0,994,988,-11,629,145,305,2,1,3.0
Without You,7vqubB6rY1NpGVGpHYobbQ,202026,0,556,441,212,552,578,-13,287,65,124,4,1,4.0
Wkrp in Cincinnati Tv Theme,4Of2wxeQzR2u6JhYwyMZ4V,48146,14,196,387,0,0,165,-4,711,111,535,4,1,4.0
Woke Up This Morning (The Sopranos Theme),1hI6YOpNKjWcju3DgHPWoL,233743,17,145,662,0,899,0,-13,427,88,756,5,0,4.0
Won't Get Fooled Again - Original Album Version,3S9PcjheJ0JZHawN261M0p,515000,0,128,684,815,383,746,-10,0,134,285,2,1,4.0
Wonderful World,5RQJusMAPwQkD4b6NiJk2U,127186,0,557,588,561,0,285,-10,405,128,943,11,1,4.0
Wuthering Heights,5YSI1311X8t31PBjkBG4CZ,269066,65,366,484,392,452,124,-11,313,124,521,1,1,4.0
"X-Files Theme - From ""X-Files""",36TSEsWG84vQI5LXjvHvc6,232480,12,855,262,741,881,779,-6,695,179,134,7,1,3.0
Y...,7GLv5k9oKeYvsWMLoD8E7x,166000,0,847,624,396,0,121,-10,335,96,574,1,1,4.0
Ya No,4lWnNqKJmhxrgzidQmXB94,226160,55,431,513,782,0,735,-6,733,139,409,10,1,4.0
Yo Te Recuerdo,49Hz2PJTD3WBRxgTCgEIE5,175506,51,656,195,255,0,108,-8,392,70,111,2,1,3.0
You & Me - Flume Remix,1snNAXmmPXCn0dkF9DaPWw,282812,65,382,593,392,114,131,-6,257,75,0,10,0,4.0
You And Me Song,1mlZ32mqpSkL2LIjxUItfw,174520,0,108,325,364,0,654,-8,384,144,274,2,1,4.0
You Are My Destiny,36Jxpbk3PlcDo9hSGiAsfU,147400,42,677,0,336,0,266,-8,276,79,0,8,1,4.0
You Are So Beautiful,1gJOqXpRjz9GeEEwQpcujK,159640,65,846,297,182,267,134,-10,298,83,92,1,1,3.0
You Can Count on Me (My Two Dads Theme),06Zv7rEs2J2cetNcdubnoR,136833,0,178,535,736,0,901,-8,425,97,653,0,1,4.0
You Gotta Be,4o8T8Jtc0OwbSNiDd8YMtw,246266,2,221,664,586,293,896,-13,385,94,458,0,1,4.0
You Really Got Me,4rKXPT9Vw1k9c7fldZbDWj,220186,0,337,271,987,292,981,-6,208,165,146,7,1,4.0
You Sexy Thing,714hERk9U1W8FMYkoC83CO,244920,73,523,791,733,16,167,-5,633,105,962,5,1,4.0
You To Me Are Everything,6E3Yn318JAqGvNVfsknW6E,212800,0,401,606,733,0,133,-7,433,101,944,0,1,4.0
You're Only Lonely,0qzEkwri1hE0rgxVqdOBAf,228000,46,263,591,514,78,797,-10,256,108,658,9,1,4.0
Your Song,38zsOOcu31XbbYj9BIPUF1,241786,80,828,552,315,552,101,-11,299,128,324,3,1,4.0
Zou Bisou Bisou,0uXaqBGpEIYzu2HggSMJ4d,135653,0,889,769,483,102,626,-9,381,130,839,8,1,4.0
